algorithm,dataset,timestep,anomaly_score
bayesChangePt,speed_t4013,0,0.0
bayesChangePt,speed_t4013,1,0.0
bayesChangePt,speed_t4013,2,0.0
bayesChangePt,speed_t4013,3,0.0
bayesChangePt,speed_t4013,4,0.0
bayesChangePt,speed_t4013,5,0.0
bayesChangePt,speed_t4013,6,0.0
bayesChangePt,speed_t4013,7,0.0
bayesChangePt,speed_t4013,8,0.0
bayesChangePt,speed_t4013,9,0.0
bayesChangePt,speed_t4013,10,0.0
bayesChangePt,speed_t4013,11,0.0
bayesChangePt,speed_t4013,12,0.0
bayesChangePt,speed_t4013,13,0.0
bayesChangePt,speed_t4013,14,0.0
bayesChangePt,speed_t4013,15,0.0
bayesChangePt,speed_t4013,16,0.0
bayesChangePt,speed_t4013,17,0.0
bayesChangePt,speed_t4013,18,0.0
bayesChangePt,speed_t4013,19,0.0
bayesChangePt,speed_t4013,20,0.0
bayesChangePt,speed_t4013,21,0.0
bayesChangePt,speed_t4013,22,0.0
bayesChangePt,speed_t4013,23,0.0
bayesChangePt,speed_t4013,24,0.0
bayesChangePt,speed_t4013,25,0.0
bayesChangePt,speed_t4013,26,0.0
bayesChangePt,speed_t4013,27,0.0
bayesChangePt,speed_t4013,28,0.0
bayesChangePt,speed_t4013,29,0.0
bayesChangePt,speed_t4013,30,0.0
bayesChangePt,speed_t4013,31,0.0
bayesChangePt,speed_t4013,32,0.0
bayesChangePt,speed_t4013,33,0.0
bayesChangePt,speed_t4013,34,0.0
bayesChangePt,speed_t4013,35,0.0
bayesChangePt,speed_t4013,36,0.0
bayesChangePt,speed_t4013,37,0.0
bayesChangePt,speed_t4013,38,0.0
bayesChangePt,speed_t4013,39,0.0
bayesChangePt,speed_t4013,40,0.0
bayesChangePt,speed_t4013,41,0.0
bayesChangePt,speed_t4013,42,0.0
bayesChangePt,speed_t4013,43,0.0
bayesChangePt,speed_t4013,44,0.0
bayesChangePt,speed_t4013,45,0.0
bayesChangePt,speed_t4013,46,0.0
bayesChangePt,speed_t4013,47,0.0
bayesChangePt,speed_t4013,48,0.0
bayesChangePt,speed_t4013,49,0.0
bayesChangePt,speed_t4013,50,0.0
bayesChangePt,speed_t4013,51,0.0
bayesChangePt,speed_t4013,52,0.0
bayesChangePt,speed_t4013,53,0.0
bayesChangePt,speed_t4013,54,0.0
bayesChangePt,speed_t4013,55,0.9636363636363636
bayesChangePt,speed_t4013,56,0.0
bayesChangePt,speed_t4013,57,0.0
bayesChangePt,speed_t4013,58,0.0
bayesChangePt,speed_t4013,59,0.0
bayesChangePt,speed_t4013,60,0.0
bayesChangePt,speed_t4013,61,0.0
bayesChangePt,speed_t4013,62,0.0
bayesChangePt,speed_t4013,63,0.0
bayesChangePt,speed_t4013,64,0.0
bayesChangePt,speed_t4013,65,0.3076923076923077
bayesChangePt,speed_t4013,66,0.0
bayesChangePt,speed_t4013,67,0.0
bayesChangePt,speed_t4013,68,0.0
bayesChangePt,speed_t4013,69,0.0
bayesChangePt,speed_t4013,70,0.0
bayesChangePt,speed_t4013,71,0.0
bayesChangePt,speed_t4013,72,0.19999999999999996
bayesChangePt,speed_t4013,73,0.0
bayesChangePt,speed_t4013,74,0.0
bayesChangePt,speed_t4013,75,0.0
bayesChangePt,speed_t4013,76,0.0
bayesChangePt,speed_t4013,77,0.0
bayesChangePt,speed_t4013,78,0.0
bayesChangePt,speed_t4013,79,0.0
bayesChangePt,speed_t4013,80,0.0
bayesChangePt,speed_t4013,81,0.0
bayesChangePt,speed_t4013,82,0.1333333333333333
bayesChangePt,speed_t4013,83,0.0
bayesChangePt,speed_t4013,84,0.0
bayesChangePt,speed_t4013,85,0.0
bayesChangePt,speed_t4013,86,0.0
bayesChangePt,speed_t4013,87,0.0
bayesChangePt,speed_t4013,88,0.0
bayesChangePt,speed_t4013,89,0.0
bayesChangePt,speed_t4013,90,0.0
bayesChangePt,speed_t4013,91,0.0
bayesChangePt,speed_t4013,92,0.0
bayesChangePt,speed_t4013,93,0.0
bayesChangePt,speed_t4013,94,0.0
bayesChangePt,speed_t4013,95,0.0
bayesChangePt,speed_t4013,96,0.0
bayesChangePt,speed_t4013,97,0.0
bayesChangePt,speed_t4013,98,0.0
bayesChangePt,speed_t4013,99,0.0
bayesChangePt,speed_t4013,100,0.0
bayesChangePt,speed_t4013,101,0.0
bayesChangePt,speed_t4013,102,0.0
bayesChangePt,speed_t4013,103,0.0
bayesChangePt,speed_t4013,104,0.0
bayesChangePt,speed_t4013,105,0.0
bayesChangePt,speed_t4013,106,0.0
bayesChangePt,speed_t4013,107,0.0
bayesChangePt,speed_t4013,108,0.0
bayesChangePt,speed_t4013,109,0.0
bayesChangePt,speed_t4013,110,0.0
bayesChangePt,speed_t4013,111,0.0
bayesChangePt,speed_t4013,112,0.0
bayesChangePt,speed_t4013,113,0.0
bayesChangePt,speed_t4013,114,0.0
bayesChangePt,speed_t4013,115,0.0
bayesChangePt,speed_t4013,116,0.0
bayesChangePt,speed_t4013,117,0.0
bayesChangePt,speed_t4013,118,0.0
bayesChangePt,speed_t4013,119,0.0
bayesChangePt,speed_t4013,120,0.0
bayesChangePt,speed_t4013,121,0.0
bayesChangePt,speed_t4013,122,0.0
bayesChangePt,speed_t4013,123,0.0
bayesChangePt,speed_t4013,124,0.0
bayesChangePt,speed_t4013,125,0.0
bayesChangePt,speed_t4013,126,0.0
bayesChangePt,speed_t4013,127,0.0
bayesChangePt,speed_t4013,128,0.0
bayesChangePt,speed_t4013,129,0.0
bayesChangePt,speed_t4013,130,0.0
bayesChangePt,speed_t4013,131,0.0
bayesChangePt,speed_t4013,132,0.0
bayesChangePt,speed_t4013,133,0.0
bayesChangePt,speed_t4013,134,0.0
bayesChangePt,speed_t4013,135,0.0
bayesChangePt,speed_t4013,136,0.0
bayesChangePt,speed_t4013,137,0.0
bayesChangePt,speed_t4013,138,0.0
bayesChangePt,speed_t4013,139,0.0
bayesChangePt,speed_t4013,140,0.0
bayesChangePt,speed_t4013,141,0.9166666666666666
bayesChangePt,speed_t4013,142,0.0
bayesChangePt,speed_t4013,143,0.0
bayesChangePt,speed_t4013,144,0.0
bayesChangePt,speed_t4013,145,0.0
bayesChangePt,speed_t4013,146,0.0
bayesChangePt,speed_t4013,147,0.0
bayesChangePt,speed_t4013,148,0.0
bayesChangePt,speed_t4013,149,0.0
bayesChangePt,speed_t4013,150,0.0
bayesChangePt,speed_t4013,151,0.0
bayesChangePt,speed_t4013,152,0.0
bayesChangePt,speed_t4013,153,0.0
bayesChangePt,speed_t4013,154,0.0
bayesChangePt,speed_t4013,155,0.0
bayesChangePt,speed_t4013,156,0.0
bayesChangePt,speed_t4013,157,0.0
bayesChangePt,speed_t4013,158,0.0
bayesChangePt,speed_t4013,159,0.0
bayesChangePt,speed_t4013,160,0.0
bayesChangePt,speed_t4013,161,0.0
bayesChangePt,speed_t4013,162,0.0
bayesChangePt,speed_t4013,163,0.0
bayesChangePt,speed_t4013,164,0.0
bayesChangePt,speed_t4013,165,0.0
bayesChangePt,speed_t4013,166,0.0
bayesChangePt,speed_t4013,167,0.0
bayesChangePt,speed_t4013,168,0.0
bayesChangePt,speed_t4013,169,0.0
bayesChangePt,speed_t4013,170,0.0
bayesChangePt,speed_t4013,171,0.0
bayesChangePt,speed_t4013,172,0.0
bayesChangePt,speed_t4013,173,0.0
bayesChangePt,speed_t4013,174,0.0
bayesChangePt,speed_t4013,175,0.0
bayesChangePt,speed_t4013,176,0.0
bayesChangePt,speed_t4013,177,0.0
bayesChangePt,speed_t4013,178,0.0
bayesChangePt,speed_t4013,179,0.0
bayesChangePt,speed_t4013,180,0.0
bayesChangePt,speed_t4013,181,0.0
bayesChangePt,speed_t4013,182,0.0
bayesChangePt,speed_t4013,183,0.0
bayesChangePt,speed_t4013,184,0.0
bayesChangePt,speed_t4013,185,0.0
bayesChangePt,speed_t4013,186,0.0
bayesChangePt,speed_t4013,187,0.0
bayesChangePt,speed_t4013,188,0.0
bayesChangePt,speed_t4013,189,0.0
bayesChangePt,speed_t4013,190,0.0
bayesChangePt,speed_t4013,191,0.0
bayesChangePt,speed_t4013,192,0.0
bayesChangePt,speed_t4013,193,0.8014705882352942
bayesChangePt,speed_t4013,194,0.0
bayesChangePt,speed_t4013,195,0.0
bayesChangePt,speed_t4013,196,0.0
bayesChangePt,speed_t4013,197,0.0
bayesChangePt,speed_t4013,198,0.0
bayesChangePt,speed_t4013,199,0.0
bayesChangePt,speed_t4013,200,0.0
bayesChangePt,speed_t4013,201,0.0
bayesChangePt,speed_t4013,202,0.0
bayesChangePt,speed_t4013,203,0.0
bayesChangePt,speed_t4013,204,0.0
bayesChangePt,speed_t4013,205,0.0
bayesChangePt,speed_t4013,206,0.0
bayesChangePt,speed_t4013,207,0.0
bayesChangePt,speed_t4013,208,0.0
bayesChangePt,speed_t4013,209,0.0
bayesChangePt,speed_t4013,210,0.0
bayesChangePt,speed_t4013,211,0.0
bayesChangePt,speed_t4013,212,0.0
bayesChangePt,speed_t4013,213,0.0
bayesChangePt,speed_t4013,214,0.0
bayesChangePt,speed_t4013,215,0.0
bayesChangePt,speed_t4013,216,0.0
bayesChangePt,speed_t4013,217,0.0
bayesChangePt,speed_t4013,218,0.0
bayesChangePt,speed_t4013,219,0.0
bayesChangePt,speed_t4013,220,0.0
bayesChangePt,speed_t4013,221,0.0
bayesChangePt,speed_t4013,222,0.0
bayesChangePt,speed_t4013,223,0.0
bayesChangePt,speed_t4013,224,0.0
bayesChangePt,speed_t4013,225,0.0
bayesChangePt,speed_t4013,226,0.0
bayesChangePt,speed_t4013,227,0.0
bayesChangePt,speed_t4013,228,0.0
bayesChangePt,speed_t4013,229,0.0
bayesChangePt,speed_t4013,230,0.0
bayesChangePt,speed_t4013,231,0.0
bayesChangePt,speed_t4013,232,0.0
bayesChangePt,speed_t4013,233,0.0
bayesChangePt,speed_t4013,234,0.0
bayesChangePt,speed_t4013,235,0.0
bayesChangePt,speed_t4013,236,0.0
bayesChangePt,speed_t4013,237,0.0
bayesChangePt,speed_t4013,238,0.0
bayesChangePt,speed_t4013,239,0.0
bayesChangePt,speed_t4013,240,0.0
bayesChangePt,speed_t4013,241,0.0
bayesChangePt,speed_t4013,242,0.0
bayesChangePt,speed_t4013,243,0.0
bayesChangePt,speed_t4013,244,0.0
bayesChangePt,speed_t4013,245,0.0
bayesChangePt,speed_t4013,246,0.0
bayesChangePt,speed_t4013,247,0.0
bayesChangePt,speed_t4013,248,0.0
bayesChangePt,speed_t4013,249,0.0
bayesChangePt,speed_t4013,250,0.0
bayesChangePt,speed_t4013,251,0.0
bayesChangePt,speed_t4013,252,0.0
bayesChangePt,speed_t4013,253,0.0
bayesChangePt,speed_t4013,254,0.0
bayesChangePt,speed_t4013,255,0.0
bayesChangePt,speed_t4013,256,0.0
bayesChangePt,speed_t4013,257,0.0
bayesChangePt,speed_t4013,258,0.0
bayesChangePt,speed_t4013,259,0.0
bayesChangePt,speed_t4013,260,0.0
bayesChangePt,speed_t4013,261,0.0
bayesChangePt,speed_t4013,262,0.0
bayesChangePt,speed_t4013,263,0.0
bayesChangePt,speed_t4013,264,0.0
bayesChangePt,speed_t4013,265,0.0
bayesChangePt,speed_t4013,266,0.0
bayesChangePt,speed_t4013,267,0.0
bayesChangePt,speed_t4013,268,0.0
bayesChangePt,speed_t4013,269,0.0
bayesChangePt,speed_t4013,270,0.0
bayesChangePt,speed_t4013,271,0.0
bayesChangePt,speed_t4013,272,0.0
bayesChangePt,speed_t4013,273,0.0
bayesChangePt,speed_t4013,274,0.0
bayesChangePt,speed_t4013,275,0.0
bayesChangePt,speed_t4013,276,0.0
bayesChangePt,speed_t4013,277,0.0
bayesChangePt,speed_t4013,278,0.0
bayesChangePt,speed_t4013,279,0.0
bayesChangePt,speed_t4013,280,0.0
bayesChangePt,speed_t4013,281,0.0
bayesChangePt,speed_t4013,282,0.0
bayesChangePt,speed_t4013,283,0.0
bayesChangePt,speed_t4013,284,0.0
bayesChangePt,speed_t4013,285,0.0
bayesChangePt,speed_t4013,286,0.0
bayesChangePt,speed_t4013,287,0.0
bayesChangePt,speed_t4013,288,0.0
bayesChangePt,speed_t4013,289,0.0
bayesChangePt,speed_t4013,290,0.0
bayesChangePt,speed_t4013,291,0.0
bayesChangePt,speed_t4013,292,0.0
bayesChangePt,speed_t4013,293,0.0
bayesChangePt,speed_t4013,294,0.0
bayesChangePt,speed_t4013,295,0.0
bayesChangePt,speed_t4013,296,0.0
bayesChangePt,speed_t4013,297,0.0
bayesChangePt,speed_t4013,298,0.0
bayesChangePt,speed_t4013,299,0.0
bayesChangePt,speed_t4013,300,0.0
bayesChangePt,speed_t4013,301,0.0
bayesChangePt,speed_t4013,302,0.0
bayesChangePt,speed_t4013,303,0.0
bayesChangePt,speed_t4013,304,0.0
bayesChangePt,speed_t4013,305,0.0
bayesChangePt,speed_t4013,306,0.0
bayesChangePt,speed_t4013,307,0.0
bayesChangePt,speed_t4013,308,0.0
bayesChangePt,speed_t4013,309,0.0
bayesChangePt,speed_t4013,310,0.0
bayesChangePt,speed_t4013,311,0.0
bayesChangePt,speed_t4013,312,0.0
bayesChangePt,speed_t4013,313,0.0
bayesChangePt,speed_t4013,314,0.0
bayesChangePt,speed_t4013,315,0.0
bayesChangePt,speed_t4013,316,0.0
bayesChangePt,speed_t4013,317,0.0
bayesChangePt,speed_t4013,318,0.0
bayesChangePt,speed_t4013,319,0.0
bayesChangePt,speed_t4013,320,0.0
bayesChangePt,speed_t4013,321,0.0
bayesChangePt,speed_t4013,322,0.0
bayesChangePt,speed_t4013,323,0.0
bayesChangePt,speed_t4013,324,0.0
bayesChangePt,speed_t4013,325,0.0
bayesChangePt,speed_t4013,326,0.0
bayesChangePt,speed_t4013,327,0.0
bayesChangePt,speed_t4013,328,0.0
bayesChangePt,speed_t4013,329,0.0
bayesChangePt,speed_t4013,330,0.0
bayesChangePt,speed_t4013,331,0.0
bayesChangePt,speed_t4013,332,0.0
bayesChangePt,speed_t4013,333,0.0
bayesChangePt,speed_t4013,334,0.0
bayesChangePt,speed_t4013,335,0.0
bayesChangePt,speed_t4013,336,0.0
bayesChangePt,speed_t4013,337,0.0
bayesChangePt,speed_t4013,338,0.0
bayesChangePt,speed_t4013,339,0.0
bayesChangePt,speed_t4013,340,0.0
bayesChangePt,speed_t4013,341,0.0
bayesChangePt,speed_t4013,342,0.0
bayesChangePt,speed_t4013,343,0.0
bayesChangePt,speed_t4013,344,0.0
bayesChangePt,speed_t4013,345,0.0
bayesChangePt,speed_t4013,346,0.0
bayesChangePt,speed_t4013,347,0.0
bayesChangePt,speed_t4013,348,0.0
bayesChangePt,speed_t4013,349,0.0
bayesChangePt,speed_t4013,350,0.0
bayesChangePt,speed_t4013,351,0.0
bayesChangePt,speed_t4013,352,0.0
bayesChangePt,speed_t4013,353,0.0
bayesChangePt,speed_t4013,354,0.0
bayesChangePt,speed_t4013,355,0.0
bayesChangePt,speed_t4013,356,0.0
bayesChangePt,speed_t4013,357,0.0
bayesChangePt,speed_t4013,358,0.0
bayesChangePt,speed_t4013,359,0.0
bayesChangePt,speed_t4013,360,0.0
bayesChangePt,speed_t4013,361,0.0
bayesChangePt,speed_t4013,362,0.0
bayesChangePt,speed_t4013,363,0.0
bayesChangePt,speed_t4013,364,0.0
bayesChangePt,speed_t4013,365,0.0
bayesChangePt,speed_t4013,366,0.0
bayesChangePt,speed_t4013,367,0.0
bayesChangePt,speed_t4013,368,0.0
bayesChangePt,speed_t4013,369,0.0
bayesChangePt,speed_t4013,370,0.0
bayesChangePt,speed_t4013,371,0.0
bayesChangePt,speed_t4013,372,0.0
bayesChangePt,speed_t4013,373,0.0
bayesChangePt,speed_t4013,374,0.0
bayesChangePt,speed_t4013,375,0.0
bayesChangePt,speed_t4013,376,0.0
bayesChangePt,speed_t4013,377,0.0
bayesChangePt,speed_t4013,378,0.0
bayesChangePt,speed_t4013,379,0.0
bayesChangePt,speed_t4013,380,0.0
bayesChangePt,speed_t4013,381,0.0
bayesChangePt,speed_t4013,382,0.0
bayesChangePt,speed_t4013,383,0.0
bayesChangePt,speed_t4013,384,0.0
bayesChangePt,speed_t4013,385,0.0
bayesChangePt,speed_t4013,386,0.0
bayesChangePt,speed_t4013,387,0.0
bayesChangePt,speed_t4013,388,0.0
bayesChangePt,speed_t4013,389,0.0
bayesChangePt,speed_t4013,390,0.0
bayesChangePt,speed_t4013,391,0.0
bayesChangePt,speed_t4013,392,0.0
bayesChangePt,speed_t4013,393,0.0
bayesChangePt,speed_t4013,394,0.0
bayesChangePt,speed_t4013,395,0.0
bayesChangePt,speed_t4013,396,0.0
bayesChangePt,speed_t4013,397,0.0
bayesChangePt,speed_t4013,398,0.0
bayesChangePt,speed_t4013,399,0.0
bayesChangePt,speed_t4013,400,0.0
bayesChangePt,speed_t4013,401,0.0
bayesChangePt,speed_t4013,402,0.0
bayesChangePt,speed_t4013,403,0.0
bayesChangePt,speed_t4013,404,0.0
bayesChangePt,speed_t4013,405,0.0
bayesChangePt,speed_t4013,406,0.0
bayesChangePt,speed_t4013,407,0.0
bayesChangePt,speed_t4013,408,0.0
bayesChangePt,speed_t4013,409,0.0
bayesChangePt,speed_t4013,410,0.0
bayesChangePt,speed_t4013,411,0.0
bayesChangePt,speed_t4013,412,0.0
bayesChangePt,speed_t4013,413,0.0
bayesChangePt,speed_t4013,414,0.0
bayesChangePt,speed_t4013,415,0.0
bayesChangePt,speed_t4013,416,0.0
bayesChangePt,speed_t4013,417,0.0
bayesChangePt,speed_t4013,418,0.0
bayesChangePt,speed_t4013,419,0.0
bayesChangePt,speed_t4013,420,0.0
bayesChangePt,speed_t4013,421,0.0
bayesChangePt,speed_t4013,422,0.0
bayesChangePt,speed_t4013,423,0.0
bayesChangePt,speed_t4013,424,0.0
bayesChangePt,speed_t4013,425,0.0
bayesChangePt,speed_t4013,426,0.0
bayesChangePt,speed_t4013,427,0.0
bayesChangePt,speed_t4013,428,0.0
bayesChangePt,speed_t4013,429,0.0
bayesChangePt,speed_t4013,430,0.0
bayesChangePt,speed_t4013,431,0.0
bayesChangePt,speed_t4013,432,0.0
bayesChangePt,speed_t4013,433,0.0
bayesChangePt,speed_t4013,434,0.0
bayesChangePt,speed_t4013,435,0.0
bayesChangePt,speed_t4013,436,0.0
bayesChangePt,speed_t4013,437,0.0
bayesChangePt,speed_t4013,438,0.0
bayesChangePt,speed_t4013,439,0.0
bayesChangePt,speed_t4013,440,0.0
bayesChangePt,speed_t4013,441,0.0
bayesChangePt,speed_t4013,442,0.0
bayesChangePt,speed_t4013,443,0.0
bayesChangePt,speed_t4013,444,0.0
bayesChangePt,speed_t4013,445,0.0
bayesChangePt,speed_t4013,446,0.0
bayesChangePt,speed_t4013,447,0.0
bayesChangePt,speed_t4013,448,0.0
bayesChangePt,speed_t4013,449,0.0
bayesChangePt,speed_t4013,450,0.0
bayesChangePt,speed_t4013,451,0.0
bayesChangePt,speed_t4013,452,0.0
bayesChangePt,speed_t4013,453,0.0
bayesChangePt,speed_t4013,454,0.0
bayesChangePt,speed_t4013,455,0.0
bayesChangePt,speed_t4013,456,0.0
bayesChangePt,speed_t4013,457,0.0
bayesChangePt,speed_t4013,458,0.0
bayesChangePt,speed_t4013,459,0.0
bayesChangePt,speed_t4013,460,0.0
bayesChangePt,speed_t4013,461,0.0
bayesChangePt,speed_t4013,462,0.0
bayesChangePt,speed_t4013,463,0.0
bayesChangePt,speed_t4013,464,0.0
bayesChangePt,speed_t4013,465,0.0
bayesChangePt,speed_t4013,466,0.0
bayesChangePt,speed_t4013,467,0.0
bayesChangePt,speed_t4013,468,0.0
bayesChangePt,speed_t4013,469,0.0
bayesChangePt,speed_t4013,470,0.0
bayesChangePt,speed_t4013,471,0.0
bayesChangePt,speed_t4013,472,0.0
bayesChangePt,speed_t4013,473,0.0
bayesChangePt,speed_t4013,474,0.0
bayesChangePt,speed_t4013,475,0.0
bayesChangePt,speed_t4013,476,0.0
bayesChangePt,speed_t4013,477,0.0
bayesChangePt,speed_t4013,478,0.0
bayesChangePt,speed_t4013,479,0.0
bayesChangePt,speed_t4013,480,0.0
bayesChangePt,speed_t4013,481,0.0
bayesChangePt,speed_t4013,482,0.0
bayesChangePt,speed_t4013,483,0.0
bayesChangePt,speed_t4013,484,0.0
bayesChangePt,speed_t4013,485,0.0
bayesChangePt,speed_t4013,486,0.0
bayesChangePt,speed_t4013,487,0.0
bayesChangePt,speed_t4013,488,0.0
bayesChangePt,speed_t4013,489,0.0
bayesChangePt,speed_t4013,490,0.0
bayesChangePt,speed_t4013,491,0.0
bayesChangePt,speed_t4013,492,0.0
bayesChangePt,speed_t4013,493,0.0
bayesChangePt,speed_t4013,494,0.0
bayesChangePt,speed_t4013,495,0.0
bayesChangePt,speed_t4013,496,0.0
bayesChangePt,speed_t4013,497,0.0
bayesChangePt,speed_t4013,498,0.0
bayesChangePt,speed_t4013,499,0.0
bayesChangePt,speed_t4013,500,0.0
bayesChangePt,speed_t4013,501,0.0
bayesChangePt,speed_t4013,502,0.0
bayesChangePt,speed_t4013,503,0.0
bayesChangePt,speed_t4013,504,0.0
bayesChangePt,speed_t4013,505,0.0
bayesChangePt,speed_t4013,506,0.0
bayesChangePt,speed_t4013,507,0.0
bayesChangePt,speed_t4013,508,0.0
bayesChangePt,speed_t4013,509,0.0
bayesChangePt,speed_t4013,510,0.0
bayesChangePt,speed_t4013,511,0.0
bayesChangePt,speed_t4013,512,0.0
bayesChangePt,speed_t4013,513,0.0
bayesChangePt,speed_t4013,514,0.0
bayesChangePt,speed_t4013,515,0.0
bayesChangePt,speed_t4013,516,0.0
bayesChangePt,speed_t4013,517,0.0
bayesChangePt,speed_t4013,518,0.0
bayesChangePt,speed_t4013,519,0.0
bayesChangePt,speed_t4013,520,0.0
bayesChangePt,speed_t4013,521,0.0
bayesChangePt,speed_t4013,522,0.0
bayesChangePt,speed_t4013,523,0.0
bayesChangePt,speed_t4013,524,0.0
bayesChangePt,speed_t4013,525,0.0
bayesChangePt,speed_t4013,526,0.0
bayesChangePt,speed_t4013,527,0.0
bayesChangePt,speed_t4013,528,0.0
bayesChangePt,speed_t4013,529,0.0
bayesChangePt,speed_t4013,530,0.0
bayesChangePt,speed_t4013,531,0.0
bayesChangePt,speed_t4013,532,0.0
bayesChangePt,speed_t4013,533,0.0
bayesChangePt,speed_t4013,534,0.0
bayesChangePt,speed_t4013,535,0.0
bayesChangePt,speed_t4013,536,0.0
bayesChangePt,speed_t4013,537,0.0
bayesChangePt,speed_t4013,538,0.0
bayesChangePt,speed_t4013,539,0.0
bayesChangePt,speed_t4013,540,0.0
bayesChangePt,speed_t4013,541,0.0
bayesChangePt,speed_t4013,542,0.0
bayesChangePt,speed_t4013,543,0.0
bayesChangePt,speed_t4013,544,0.0
bayesChangePt,speed_t4013,545,0.0
bayesChangePt,speed_t4013,546,0.0
bayesChangePt,speed_t4013,547,0.0
bayesChangePt,speed_t4013,548,0.0
bayesChangePt,speed_t4013,549,0.0
bayesChangePt,speed_t4013,550,0.0
bayesChangePt,speed_t4013,551,0.0
bayesChangePt,speed_t4013,552,0.0
bayesChangePt,speed_t4013,553,0.0
bayesChangePt,speed_t4013,554,0.0
bayesChangePt,speed_t4013,555,0.0
bayesChangePt,speed_t4013,556,0.0
bayesChangePt,speed_t4013,557,0.0
bayesChangePt,speed_t4013,558,0.0
bayesChangePt,speed_t4013,559,0.0
bayesChangePt,speed_t4013,560,0.0
bayesChangePt,speed_t4013,561,0.0
bayesChangePt,speed_t4013,562,0.0
bayesChangePt,speed_t4013,563,0.0
bayesChangePt,speed_t4013,564,0.0
bayesChangePt,speed_t4013,565,0.0
bayesChangePt,speed_t4013,566,0.0
bayesChangePt,speed_t4013,567,0.0
bayesChangePt,speed_t4013,568,0.0
bayesChangePt,speed_t4013,569,0.0
bayesChangePt,speed_t4013,570,0.0
bayesChangePt,speed_t4013,571,0.0
bayesChangePt,speed_t4013,572,0.0
bayesChangePt,speed_t4013,573,0.0
bayesChangePt,speed_t4013,574,0.0
bayesChangePt,speed_t4013,575,0.0
bayesChangePt,speed_t4013,576,0.0
bayesChangePt,speed_t4013,577,0.0
bayesChangePt,speed_t4013,578,0.0
bayesChangePt,speed_t4013,579,0.0
bayesChangePt,speed_t4013,580,0.0
bayesChangePt,speed_t4013,581,0.0
bayesChangePt,speed_t4013,582,0.0
bayesChangePt,speed_t4013,583,0.0
bayesChangePt,speed_t4013,584,0.0
bayesChangePt,speed_t4013,585,0.0
bayesChangePt,speed_t4013,586,0.0
bayesChangePt,speed_t4013,587,0.0
bayesChangePt,speed_t4013,588,0.0
bayesChangePt,speed_t4013,589,0.0
bayesChangePt,speed_t4013,590,0.0
bayesChangePt,speed_t4013,591,0.0
bayesChangePt,speed_t4013,592,0.0
bayesChangePt,speed_t4013,593,0.0
bayesChangePt,speed_t4013,594,0.0
bayesChangePt,speed_t4013,595,0.0
bayesChangePt,speed_t4013,596,0.0
bayesChangePt,speed_t4013,597,0.0
bayesChangePt,speed_t4013,598,0.0
bayesChangePt,speed_t4013,599,0.0
bayesChangePt,speed_t4013,600,0.0
bayesChangePt,speed_t4013,601,0.0
bayesChangePt,speed_t4013,602,0.0
bayesChangePt,speed_t4013,603,0.0
bayesChangePt,speed_t4013,604,0.0
bayesChangePt,speed_t4013,605,0.0
bayesChangePt,speed_t4013,606,0.0
bayesChangePt,speed_t4013,607,0.0
bayesChangePt,speed_t4013,608,0.0
bayesChangePt,speed_t4013,609,0.0
bayesChangePt,speed_t4013,610,0.0
bayesChangePt,speed_t4013,611,0.0
bayesChangePt,speed_t4013,612,0.0
bayesChangePt,speed_t4013,613,0.0
bayesChangePt,speed_t4013,614,0.0
bayesChangePt,speed_t4013,615,0.0
bayesChangePt,speed_t4013,616,0.0
bayesChangePt,speed_t4013,617,0.0
bayesChangePt,speed_t4013,618,0.0
bayesChangePt,speed_t4013,619,0.0
bayesChangePt,speed_t4013,620,0.0
bayesChangePt,speed_t4013,621,0.0
bayesChangePt,speed_t4013,622,0.0
bayesChangePt,speed_t4013,623,0.0
bayesChangePt,speed_t4013,624,0.0
bayesChangePt,speed_t4013,625,0.0
bayesChangePt,speed_t4013,626,0.0
bayesChangePt,speed_t4013,627,0.0
bayesChangePt,speed_t4013,628,0.0
bayesChangePt,speed_t4013,629,0.0
bayesChangePt,speed_t4013,630,0.0
bayesChangePt,speed_t4013,631,0.0
bayesChangePt,speed_t4013,632,0.0
bayesChangePt,speed_t4013,633,0.0
bayesChangePt,speed_t4013,634,0.0
bayesChangePt,speed_t4013,635,0.0
bayesChangePt,speed_t4013,636,0.0
bayesChangePt,speed_t4013,637,0.0
bayesChangePt,speed_t4013,638,0.0
bayesChangePt,speed_t4013,639,0.0
bayesChangePt,speed_t4013,640,0.0
bayesChangePt,speed_t4013,641,0.0
bayesChangePt,speed_t4013,642,0.0
bayesChangePt,speed_t4013,643,0.0
bayesChangePt,speed_t4013,644,0.0
bayesChangePt,speed_t4013,645,0.0
bayesChangePt,speed_t4013,646,0.0
bayesChangePt,speed_t4013,647,0.0
bayesChangePt,speed_t4013,648,0.0
bayesChangePt,speed_t4013,649,0.0
bayesChangePt,speed_t4013,650,0.0
bayesChangePt,speed_t4013,651,0.0
bayesChangePt,speed_t4013,652,0.0
bayesChangePt,speed_t4013,653,0.0
bayesChangePt,speed_t4013,654,0.0
bayesChangePt,speed_t4013,655,0.0
bayesChangePt,speed_t4013,656,0.0
bayesChangePt,speed_t4013,657,0.0
bayesChangePt,speed_t4013,658,0.0
bayesChangePt,speed_t4013,659,0.0
bayesChangePt,speed_t4013,660,0.0
bayesChangePt,speed_t4013,661,0.0
bayesChangePt,speed_t4013,662,0.0
bayesChangePt,speed_t4013,663,0.0
bayesChangePt,speed_t4013,664,0.0
bayesChangePt,speed_t4013,665,0.0
bayesChangePt,speed_t4013,666,0.0
bayesChangePt,speed_t4013,667,0.0
bayesChangePt,speed_t4013,668,0.009980039920159722
bayesChangePt,speed_t4013,669,0.0
bayesChangePt,speed_t4013,670,0.0
bayesChangePt,speed_t4013,671,0.0
bayesChangePt,speed_t4013,672,0.0
bayesChangePt,speed_t4013,673,0.0
bayesChangePt,speed_t4013,674,0.0
bayesChangePt,speed_t4013,675,0.0
bayesChangePt,speed_t4013,676,0.0
bayesChangePt,speed_t4013,677,0.0
bayesChangePt,speed_t4013,678,0.87624750499002
bayesChangePt,speed_t4013,679,0.0
bayesChangePt,speed_t4013,680,0.872255489021956
bayesChangePt,speed_t4013,681,0.0
bayesChangePt,speed_t4013,682,0.0
bayesChangePt,speed_t4013,683,0.0
bayesChangePt,speed_t4013,684,0.0
bayesChangePt,speed_t4013,685,0.0
bayesChangePt,speed_t4013,686,0.0
bayesChangePt,speed_t4013,687,0.0
bayesChangePt,speed_t4013,688,0.0
bayesChangePt,speed_t4013,689,0.0
bayesChangePt,speed_t4013,690,0.0
bayesChangePt,speed_t4013,691,0.18478260869565222
bayesChangePt,speed_t4013,692,0.0
bayesChangePt,speed_t4013,693,0.0
bayesChangePt,speed_t4013,694,0.0
bayesChangePt,speed_t4013,695,0.0
bayesChangePt,speed_t4013,696,0.0
bayesChangePt,speed_t4013,697,0.0
bayesChangePt,speed_t4013,698,0.0
bayesChangePt,speed_t4013,699,0.0
bayesChangePt,speed_t4013,700,0.0
bayesChangePt,speed_t4013,701,0.0
bayesChangePt,speed_t4013,702,0.0
bayesChangePt,speed_t4013,703,0.0
bayesChangePt,speed_t4013,704,0.0
bayesChangePt,speed_t4013,705,0.0
bayesChangePt,speed_t4013,706,0.0
bayesChangePt,speed_t4013,707,0.0
bayesChangePt,speed_t4013,708,0.0
bayesChangePt,speed_t4013,709,0.0
bayesChangePt,speed_t4013,710,0.0
bayesChangePt,speed_t4013,711,0.0
bayesChangePt,speed_t4013,712,0.0
bayesChangePt,speed_t4013,713,0.0
bayesChangePt,speed_t4013,714,0.0
bayesChangePt,speed_t4013,715,0.0
bayesChangePt,speed_t4013,716,0.0
bayesChangePt,speed_t4013,717,0.0
bayesChangePt,speed_t4013,718,0.0
bayesChangePt,speed_t4013,719,0.0
bayesChangePt,speed_t4013,720,0.0
bayesChangePt,speed_t4013,721,0.0
bayesChangePt,speed_t4013,722,0.0
bayesChangePt,speed_t4013,723,0.0
bayesChangePt,speed_t4013,724,0.0
bayesChangePt,speed_t4013,725,0.0
bayesChangePt,speed_t4013,726,0.0
bayesChangePt,speed_t4013,727,0.0
bayesChangePt,speed_t4013,728,0.0
bayesChangePt,speed_t4013,729,0.0
bayesChangePt,speed_t4013,730,0.0
bayesChangePt,speed_t4013,731,0.0
bayesChangePt,speed_t4013,732,0.0
bayesChangePt,speed_t4013,733,0.0
bayesChangePt,speed_t4013,734,0.0
bayesChangePt,speed_t4013,735,0.0
bayesChangePt,speed_t4013,736,0.0
bayesChangePt,speed_t4013,737,0.0
bayesChangePt,speed_t4013,738,0.0
bayesChangePt,speed_t4013,739,0.0
bayesChangePt,speed_t4013,740,0.0
bayesChangePt,speed_t4013,741,0.0
bayesChangePt,speed_t4013,742,0.0
bayesChangePt,speed_t4013,743,0.0
bayesChangePt,speed_t4013,744,0.9517241379310345
bayesChangePt,speed_t4013,745,0.0
bayesChangePt,speed_t4013,746,0.0
bayesChangePt,speed_t4013,747,0.0
bayesChangePt,speed_t4013,748,0.0
bayesChangePt,speed_t4013,749,0.0
bayesChangePt,speed_t4013,750,0.0
bayesChangePt,speed_t4013,751,0.0
bayesChangePt,speed_t4013,752,0.0
bayesChangePt,speed_t4013,753,0.0
bayesChangePt,speed_t4013,754,0.0
bayesChangePt,speed_t4013,755,0.0
bayesChangePt,speed_t4013,756,0.0
bayesChangePt,speed_t4013,757,0.0
bayesChangePt,speed_t4013,758,0.0
bayesChangePt,speed_t4013,759,0.0
bayesChangePt,speed_t4013,760,0.0
bayesChangePt,speed_t4013,761,0.0
bayesChangePt,speed_t4013,762,0.0
bayesChangePt,speed_t4013,763,0.0
bayesChangePt,speed_t4013,764,0.0
bayesChangePt,speed_t4013,765,0.0
bayesChangePt,speed_t4013,766,0.0
bayesChangePt,speed_t4013,767,0.0
bayesChangePt,speed_t4013,768,0.0
bayesChangePt,speed_t4013,769,0.0
bayesChangePt,speed_t4013,770,0.0
bayesChangePt,speed_t4013,771,0.0
bayesChangePt,speed_t4013,772,0.0
bayesChangePt,speed_t4013,773,0.0
bayesChangePt,speed_t4013,774,0.0
bayesChangePt,speed_t4013,775,0.0
bayesChangePt,speed_t4013,776,0.0
bayesChangePt,speed_t4013,777,0.0
bayesChangePt,speed_t4013,778,0.0
bayesChangePt,speed_t4013,779,0.0
bayesChangePt,speed_t4013,780,0.0
bayesChangePt,speed_t4013,781,0.0
bayesChangePt,speed_t4013,782,0.0
bayesChangePt,speed_t4013,783,0.0
bayesChangePt,speed_t4013,784,0.0
bayesChangePt,speed_t4013,785,0.0
bayesChangePt,speed_t4013,786,0.0
bayesChangePt,speed_t4013,787,0.0
bayesChangePt,speed_t4013,788,0.0
bayesChangePt,speed_t4013,789,0.0
bayesChangePt,speed_t4013,790,0.0
bayesChangePt,speed_t4013,791,0.0
bayesChangePt,speed_t4013,792,0.0
bayesChangePt,speed_t4013,793,0.0
bayesChangePt,speed_t4013,794,0.0
bayesChangePt,speed_t4013,795,0.0
bayesChangePt,speed_t4013,796,0.0
bayesChangePt,speed_t4013,797,0.0
bayesChangePt,speed_t4013,798,0.0
bayesChangePt,speed_t4013,799,0.0
bayesChangePt,speed_t4013,800,0.0
bayesChangePt,speed_t4013,801,0.0
bayesChangePt,speed_t4013,802,0.0
bayesChangePt,speed_t4013,803,0.0
bayesChangePt,speed_t4013,804,0.0
bayesChangePt,speed_t4013,805,0.0
bayesChangePt,speed_t4013,806,0.0
bayesChangePt,speed_t4013,807,0.0
bayesChangePt,speed_t4013,808,0.0
bayesChangePt,speed_t4013,809,0.0
bayesChangePt,speed_t4013,810,0.0
bayesChangePt,speed_t4013,811,0.0
bayesChangePt,speed_t4013,812,0.0
bayesChangePt,speed_t4013,813,0.0
bayesChangePt,speed_t4013,814,0.0
bayesChangePt,speed_t4013,815,0.0
bayesChangePt,speed_t4013,816,0.0
bayesChangePt,speed_t4013,817,0.0
bayesChangePt,speed_t4013,818,0.0
bayesChangePt,speed_t4013,819,0.0
bayesChangePt,speed_t4013,820,0.0
bayesChangePt,speed_t4013,821,0.0
bayesChangePt,speed_t4013,822,0.0
bayesChangePt,speed_t4013,823,0.0
bayesChangePt,speed_t4013,824,0.0
bayesChangePt,speed_t4013,825,0.0
bayesChangePt,speed_t4013,826,0.0
bayesChangePt,speed_t4013,827,0.0
bayesChangePt,speed_t4013,828,0.0
bayesChangePt,speed_t4013,829,0.0
bayesChangePt,speed_t4013,830,0.0
bayesChangePt,speed_t4013,831,0.0
bayesChangePt,speed_t4013,832,0.0
bayesChangePt,speed_t4013,833,0.0
bayesChangePt,speed_t4013,834,0.0
bayesChangePt,speed_t4013,835,0.0
bayesChangePt,speed_t4013,836,0.0
bayesChangePt,speed_t4013,837,0.0
bayesChangePt,speed_t4013,838,0.0
bayesChangePt,speed_t4013,839,0.0
bayesChangePt,speed_t4013,840,0.0
bayesChangePt,speed_t4013,841,0.0
bayesChangePt,speed_t4013,842,0.0
bayesChangePt,speed_t4013,843,0.0
bayesChangePt,speed_t4013,844,0.0
bayesChangePt,speed_t4013,845,0.0
bayesChangePt,speed_t4013,846,0.0
bayesChangePt,speed_t4013,847,0.0
bayesChangePt,speed_t4013,848,0.0
bayesChangePt,speed_t4013,849,0.0
bayesChangePt,speed_t4013,850,0.0
bayesChangePt,speed_t4013,851,0.0
bayesChangePt,speed_t4013,852,0.0
bayesChangePt,speed_t4013,853,0.0
bayesChangePt,speed_t4013,854,0.0
bayesChangePt,speed_t4013,855,0.0
bayesChangePt,speed_t4013,856,0.0
bayesChangePt,speed_t4013,857,0.0
bayesChangePt,speed_t4013,858,0.9942528735632183
bayesChangePt,speed_t4013,859,0.0
bayesChangePt,speed_t4013,860,0.0
bayesChangePt,speed_t4013,861,0.0
bayesChangePt,speed_t4013,862,0.0
bayesChangePt,speed_t4013,863,0.0
bayesChangePt,speed_t4013,864,0.0
bayesChangePt,speed_t4013,865,0.0
bayesChangePt,speed_t4013,866,0.0
bayesChangePt,speed_t4013,867,0.0
bayesChangePt,speed_t4013,868,0.0
bayesChangePt,speed_t4013,869,0.0
bayesChangePt,speed_t4013,870,0.0
bayesChangePt,speed_t4013,871,0.0
bayesChangePt,speed_t4013,872,0.0
bayesChangePt,speed_t4013,873,0.9972451790633609
bayesChangePt,speed_t4013,874,0.0
bayesChangePt,speed_t4013,875,0.0
bayesChangePt,speed_t4013,876,0.0
bayesChangePt,speed_t4013,877,0.0
bayesChangePt,speed_t4013,878,0.0
bayesChangePt,speed_t4013,879,0.0
bayesChangePt,speed_t4013,880,0.0
bayesChangePt,speed_t4013,881,0.0
bayesChangePt,speed_t4013,882,0.0
bayesChangePt,speed_t4013,883,0.0
bayesChangePt,speed_t4013,884,0.0
bayesChangePt,speed_t4013,885,0.0
bayesChangePt,speed_t4013,886,0.0
bayesChangePt,speed_t4013,887,0.0
bayesChangePt,speed_t4013,888,0.0
bayesChangePt,speed_t4013,889,0.0
bayesChangePt,speed_t4013,890,0.0
bayesChangePt,speed_t4013,891,0.0
bayesChangePt,speed_t4013,892,0.0
bayesChangePt,speed_t4013,893,0.0
bayesChangePt,speed_t4013,894,0.0
bayesChangePt,speed_t4013,895,0.0
bayesChangePt,speed_t4013,896,0.0
bayesChangePt,speed_t4013,897,0.0
bayesChangePt,speed_t4013,898,0.0
bayesChangePt,speed_t4013,899,0.0
bayesChangePt,speed_t4013,900,0.0
bayesChangePt,speed_t4013,901,0.0
bayesChangePt,speed_t4013,902,0.0
bayesChangePt,speed_t4013,903,0.0
bayesChangePt,speed_t4013,904,0.0
bayesChangePt,speed_t4013,905,0.0
bayesChangePt,speed_t4013,906,0.0
bayesChangePt,speed_t4013,907,0.0
bayesChangePt,speed_t4013,908,0.0
bayesChangePt,speed_t4013,909,0.0
bayesChangePt,speed_t4013,910,0.0
bayesChangePt,speed_t4013,911,0.0
bayesChangePt,speed_t4013,912,0.0
bayesChangePt,speed_t4013,913,0.0
bayesChangePt,speed_t4013,914,0.0
bayesChangePt,speed_t4013,915,0.0
bayesChangePt,speed_t4013,916,0.0
bayesChangePt,speed_t4013,917,0.0
bayesChangePt,speed_t4013,918,0.0
bayesChangePt,speed_t4013,919,0.0
bayesChangePt,speed_t4013,920,0.0
bayesChangePt,speed_t4013,921,0.0
bayesChangePt,speed_t4013,922,0.0
bayesChangePt,speed_t4013,923,0.0
bayesChangePt,speed_t4013,924,0.0
bayesChangePt,speed_t4013,925,0.0
bayesChangePt,speed_t4013,926,0.0
bayesChangePt,speed_t4013,927,0.0
bayesChangePt,speed_t4013,928,0.0
bayesChangePt,speed_t4013,929,0.0
bayesChangePt,speed_t4013,930,0.0
bayesChangePt,speed_t4013,931,0.0
bayesChangePt,speed_t4013,932,0.0
bayesChangePt,speed_t4013,933,0.0
bayesChangePt,speed_t4013,934,0.0
bayesChangePt,speed_t4013,935,0.0
bayesChangePt,speed_t4013,936,0.0
bayesChangePt,speed_t4013,937,0.0
bayesChangePt,speed_t4013,938,0.0
bayesChangePt,speed_t4013,939,0.0
bayesChangePt,speed_t4013,940,0.0
bayesChangePt,speed_t4013,941,0.0
bayesChangePt,speed_t4013,942,0.0
bayesChangePt,speed_t4013,943,0.0
bayesChangePt,speed_t4013,944,0.0
bayesChangePt,speed_t4013,945,0.0
bayesChangePt,speed_t4013,946,0.0
bayesChangePt,speed_t4013,947,0.0
bayesChangePt,speed_t4013,948,0.0
bayesChangePt,speed_t4013,949,0.0
bayesChangePt,speed_t4013,950,0.0
bayesChangePt,speed_t4013,951,0.0
bayesChangePt,speed_t4013,952,0.0
bayesChangePt,speed_t4013,953,0.0
bayesChangePt,speed_t4013,954,0.0
bayesChangePt,speed_t4013,955,0.0
bayesChangePt,speed_t4013,956,0.0
bayesChangePt,speed_t4013,957,0.0
bayesChangePt,speed_t4013,958,0.0
bayesChangePt,speed_t4013,959,0.0
bayesChangePt,speed_t4013,960,0.0
bayesChangePt,speed_t4013,961,0.0
bayesChangePt,speed_t4013,962,0.0
bayesChangePt,speed_t4013,963,0.0
bayesChangePt,speed_t4013,964,0.0
bayesChangePt,speed_t4013,965,0.0
bayesChangePt,speed_t4013,966,0.0
bayesChangePt,speed_t4013,967,0.0
bayesChangePt,speed_t4013,968,0.0
bayesChangePt,speed_t4013,969,0.0
bayesChangePt,speed_t4013,970,0.0
bayesChangePt,speed_t4013,971,0.0
bayesChangePt,speed_t4013,972,0.0
bayesChangePt,speed_t4013,973,0.0
bayesChangePt,speed_t4013,974,0.0
bayesChangePt,speed_t4013,975,0.0
bayesChangePt,speed_t4013,976,0.0
bayesChangePt,speed_t4013,977,0.0
bayesChangePt,speed_t4013,978,0.0
bayesChangePt,speed_t4013,979,0.0
bayesChangePt,speed_t4013,980,0.0
bayesChangePt,speed_t4013,981,0.0
bayesChangePt,speed_t4013,982,0.0
bayesChangePt,speed_t4013,983,0.0
bayesChangePt,speed_t4013,984,0.0
bayesChangePt,speed_t4013,985,0.0
bayesChangePt,speed_t4013,986,0.0
bayesChangePt,speed_t4013,987,0.0
bayesChangePt,speed_t4013,988,0.0
bayesChangePt,speed_t4013,989,0.0
bayesChangePt,speed_t4013,990,0.0
bayesChangePt,speed_t4013,991,0.0
bayesChangePt,speed_t4013,992,0.0
bayesChangePt,speed_t4013,993,0.0
bayesChangePt,speed_t4013,994,0.0
bayesChangePt,speed_t4013,995,0.0
bayesChangePt,speed_t4013,996,0.0
bayesChangePt,speed_t4013,997,0.0
bayesChangePt,speed_t4013,998,0.0
bayesChangePt,speed_t4013,999,0.0
bayesChangePt,speed_t4013,1000,0.0
bayesChangePt,speed_t4013,1001,0.0
bayesChangePt,speed_t4013,1002,0.0
bayesChangePt,speed_t4013,1003,0.0
bayesChangePt,speed_t4013,1004,0.0
bayesChangePt,speed_t4013,1005,0.0
bayesChangePt,speed_t4013,1006,0.0
bayesChangePt,speed_t4013,1007,0.0
bayesChangePt,speed_t4013,1008,0.0
bayesChangePt,speed_t4013,1009,0.0
bayesChangePt,speed_t4013,1010,0.0
bayesChangePt,speed_t4013,1011,0.0
bayesChangePt,speed_t4013,1012,0.0
bayesChangePt,speed_t4013,1013,0.007984031936127733
bayesChangePt,speed_t4013,1014,0.0
bayesChangePt,speed_t4013,1015,0.0020000000000000018
bayesChangePt,speed_t4013,1016,0.0
bayesChangePt,speed_t4013,1017,0.0
bayesChangePt,speed_t4013,1018,0.0
bayesChangePt,speed_t4013,1019,0.0
bayesChangePt,speed_t4013,1020,0.0
bayesChangePt,speed_t4013,1021,0.0
bayesChangePt,speed_t4013,1022,0.003992015968063867
bayesChangePt,speed_t4013,1023,0.0
bayesChangePt,speed_t4013,1024,0.0
bayesChangePt,speed_t4013,1025,0.0
bayesChangePt,speed_t4013,1026,0.005988023952095856
bayesChangePt,speed_t4013,1027,0.0
bayesChangePt,speed_t4013,1028,0.0
bayesChangePt,speed_t4013,1029,0.0
bayesChangePt,speed_t4013,1030,0.0
bayesChangePt,speed_t4013,1031,0.0
bayesChangePt,speed_t4013,1032,0.0
bayesChangePt,speed_t4013,1033,0.13173652694610782
bayesChangePt,speed_t4013,1034,0.0
bayesChangePt,speed_t4013,1035,0.0
bayesChangePt,speed_t4013,1036,0.0
bayesChangePt,speed_t4013,1037,0.0
bayesChangePt,speed_t4013,1038,0.0
bayesChangePt,speed_t4013,1039,0.0
bayesChangePt,speed_t4013,1040,0.0
bayesChangePt,speed_t4013,1041,0.0
bayesChangePt,speed_t4013,1042,0.0
bayesChangePt,speed_t4013,1043,0.0
bayesChangePt,speed_t4013,1044,0.0
bayesChangePt,speed_t4013,1045,0.0
bayesChangePt,speed_t4013,1046,0.0
bayesChangePt,speed_t4013,1047,0.0
bayesChangePt,speed_t4013,1048,0.0
bayesChangePt,speed_t4013,1049,0.0
bayesChangePt,speed_t4013,1050,0.0
bayesChangePt,speed_t4013,1051,0.0
bayesChangePt,speed_t4013,1052,0.0
bayesChangePt,speed_t4013,1053,0.0
bayesChangePt,speed_t4013,1054,0.0
bayesChangePt,speed_t4013,1055,0.0
bayesChangePt,speed_t4013,1056,0.0
bayesChangePt,speed_t4013,1057,0.0
bayesChangePt,speed_t4013,1058,0.0
bayesChangePt,speed_t4013,1059,0.0
bayesChangePt,speed_t4013,1060,0.0
bayesChangePt,speed_t4013,1061,0.0
bayesChangePt,speed_t4013,1062,0.0
bayesChangePt,speed_t4013,1063,0.0
bayesChangePt,speed_t4013,1064,0.0
bayesChangePt,speed_t4013,1065,0.0
bayesChangePt,speed_t4013,1066,0.0
bayesChangePt,speed_t4013,1067,0.0
bayesChangePt,speed_t4013,1068,0.0
bayesChangePt,speed_t4013,1069,0.0
bayesChangePt,speed_t4013,1070,0.0
bayesChangePt,speed_t4013,1071,0.0
bayesChangePt,speed_t4013,1072,0.0
bayesChangePt,speed_t4013,1073,0.0
bayesChangePt,speed_t4013,1074,0.0
bayesChangePt,speed_t4013,1075,0.0
bayesChangePt,speed_t4013,1076,0.0
bayesChangePt,speed_t4013,1077,0.0
bayesChangePt,speed_t4013,1078,0.0
bayesChangePt,speed_t4013,1079,0.0
bayesChangePt,speed_t4013,1080,0.0
bayesChangePt,speed_t4013,1081,0.0
bayesChangePt,speed_t4013,1082,0.0
bayesChangePt,speed_t4013,1083,0.0
bayesChangePt,speed_t4013,1084,0.0
bayesChangePt,speed_t4013,1085,0.0
bayesChangePt,speed_t4013,1086,0.0
bayesChangePt,speed_t4013,1087,0.0
bayesChangePt,speed_t4013,1088,0.0
bayesChangePt,speed_t4013,1089,0.0
bayesChangePt,speed_t4013,1090,0.0
bayesChangePt,speed_t4013,1091,0.0
bayesChangePt,speed_t4013,1092,0.0
bayesChangePt,speed_t4013,1093,0.0
bayesChangePt,speed_t4013,1094,0.0
bayesChangePt,speed_t4013,1095,0.0
bayesChangePt,speed_t4013,1096,0.0
bayesChangePt,speed_t4013,1097,0.0
bayesChangePt,speed_t4013,1098,0.0
bayesChangePt,speed_t4013,1099,0.0
bayesChangePt,speed_t4013,1100,0.0
bayesChangePt,speed_t4013,1101,0.0
bayesChangePt,speed_t4013,1102,0.0
bayesChangePt,speed_t4013,1103,0.0
bayesChangePt,speed_t4013,1104,0.0
bayesChangePt,speed_t4013,1105,0.0239520958083832
bayesChangePt,speed_t4013,1106,0.0
bayesChangePt,speed_t4013,1107,0.0
bayesChangePt,speed_t4013,1108,0.0
bayesChangePt,speed_t4013,1109,0.0
bayesChangePt,speed_t4013,1110,0.0
bayesChangePt,speed_t4013,1111,0.0
bayesChangePt,speed_t4013,1112,0.0
bayesChangePt,speed_t4013,1113,0.0
bayesChangePt,speed_t4013,1114,0.0
bayesChangePt,speed_t4013,1115,0.0
bayesChangePt,speed_t4013,1116,0.0
bayesChangePt,speed_t4013,1117,0.0
bayesChangePt,speed_t4013,1118,0.0
bayesChangePt,speed_t4013,1119,0.0
bayesChangePt,speed_t4013,1120,0.0
bayesChangePt,speed_t4013,1121,0.0
bayesChangePt,speed_t4013,1122,0.0
bayesChangePt,speed_t4013,1123,0.0
bayesChangePt,speed_t4013,1124,0.0
bayesChangePt,speed_t4013,1125,0.0
bayesChangePt,speed_t4013,1126,0.0
bayesChangePt,speed_t4013,1127,0.0
bayesChangePt,speed_t4013,1128,0.0
bayesChangePt,speed_t4013,1129,0.001996007984031989
bayesChangePt,speed_t4013,1130,0.0
bayesChangePt,speed_t4013,1131,0.0
bayesChangePt,speed_t4013,1132,0.005988023952095856
bayesChangePt,speed_t4013,1133,0.0
bayesChangePt,speed_t4013,1134,0.0
bayesChangePt,speed_t4013,1135,0.0
bayesChangePt,speed_t4013,1136,0.0
bayesChangePt,speed_t4013,1137,0.0
bayesChangePt,speed_t4013,1138,0.001996007984031989
bayesChangePt,speed_t4013,1139,0.0
bayesChangePt,speed_t4013,1140,0.0
bayesChangePt,speed_t4013,1141,0.0
bayesChangePt,speed_t4013,1142,0.500998003992016
bayesChangePt,speed_t4013,1143,0.0
bayesChangePt,speed_t4013,1144,0.0
bayesChangePt,speed_t4013,1145,0.0
bayesChangePt,speed_t4013,1146,0.0
bayesChangePt,speed_t4013,1147,0.0
bayesChangePt,speed_t4013,1148,0.0
bayesChangePt,speed_t4013,1149,0.0
bayesChangePt,speed_t4013,1150,0.0
bayesChangePt,speed_t4013,1151,0.0
bayesChangePt,speed_t4013,1152,0.0
bayesChangePt,speed_t4013,1153,0.0
bayesChangePt,speed_t4013,1154,0.0
bayesChangePt,speed_t4013,1155,0.0
bayesChangePt,speed_t4013,1156,0.0
bayesChangePt,speed_t4013,1157,0.0
bayesChangePt,speed_t4013,1158,0.46906187624750495
bayesChangePt,speed_t4013,1159,0.0
bayesChangePt,speed_t4013,1160,0.0
bayesChangePt,speed_t4013,1161,0.0
bayesChangePt,speed_t4013,1162,0.0
bayesChangePt,speed_t4013,1163,0.0
bayesChangePt,speed_t4013,1164,0.0
bayesChangePt,speed_t4013,1165,0.0
bayesChangePt,speed_t4013,1166,0.0
bayesChangePt,speed_t4013,1167,0.0
bayesChangePt,speed_t4013,1168,0.0
bayesChangePt,speed_t4013,1169,0.0
bayesChangePt,speed_t4013,1170,0.0
bayesChangePt,speed_t4013,1171,0.0
bayesChangePt,speed_t4013,1172,0.0
bayesChangePt,speed_t4013,1173,0.0
bayesChangePt,speed_t4013,1174,0.0
bayesChangePt,speed_t4013,1175,0.0
bayesChangePt,speed_t4013,1176,0.0
bayesChangePt,speed_t4013,1177,0.0
bayesChangePt,speed_t4013,1178,0.0
bayesChangePt,speed_t4013,1179,0.0
bayesChangePt,speed_t4013,1180,0.0
bayesChangePt,speed_t4013,1181,0.0
bayesChangePt,speed_t4013,1182,0.0
bayesChangePt,speed_t4013,1183,0.0
bayesChangePt,speed_t4013,1184,0.0
bayesChangePt,speed_t4013,1185,0.0
bayesChangePt,speed_t4013,1186,0.0
bayesChangePt,speed_t4013,1187,0.0
bayesChangePt,speed_t4013,1188,0.0
bayesChangePt,speed_t4013,1189,0.0
bayesChangePt,speed_t4013,1190,0.0
bayesChangePt,speed_t4013,1191,0.0
bayesChangePt,speed_t4013,1192,0.0
bayesChangePt,speed_t4013,1193,0.0
bayesChangePt,speed_t4013,1194,0.0
bayesChangePt,speed_t4013,1195,0.0
bayesChangePt,speed_t4013,1196,0.0
bayesChangePt,speed_t4013,1197,0.0
bayesChangePt,speed_t4013,1198,0.0
bayesChangePt,speed_t4013,1199,0.0
bayesChangePt,speed_t4013,1200,0.0
bayesChangePt,speed_t4013,1201,0.0
bayesChangePt,speed_t4013,1202,0.0
bayesChangePt,speed_t4013,1203,0.0
bayesChangePt,speed_t4013,1204,0.0
bayesChangePt,speed_t4013,1205,0.0
bayesChangePt,speed_t4013,1206,0.0
bayesChangePt,speed_t4013,1207,0.0
bayesChangePt,speed_t4013,1208,0.0
bayesChangePt,speed_t4013,1209,0.0
bayesChangePt,speed_t4013,1210,0.0
bayesChangePt,speed_t4013,1211,0.0
bayesChangePt,speed_t4013,1212,0.0
bayesChangePt,speed_t4013,1213,0.0
bayesChangePt,speed_t4013,1214,0.0
bayesChangePt,speed_t4013,1215,0.0
bayesChangePt,speed_t4013,1216,0.0
bayesChangePt,speed_t4013,1217,0.0
bayesChangePt,speed_t4013,1218,0.0
bayesChangePt,speed_t4013,1219,0.0
bayesChangePt,speed_t4013,1220,0.0
bayesChangePt,speed_t4013,1221,0.0
bayesChangePt,speed_t4013,1222,0.0
bayesChangePt,speed_t4013,1223,0.0
bayesChangePt,speed_t4013,1224,0.0
bayesChangePt,speed_t4013,1225,0.0
bayesChangePt,speed_t4013,1226,0.0
bayesChangePt,speed_t4013,1227,0.0
bayesChangePt,speed_t4013,1228,0.0
bayesChangePt,speed_t4013,1229,0.0
bayesChangePt,speed_t4013,1230,0.0
bayesChangePt,speed_t4013,1231,0.0
bayesChangePt,speed_t4013,1232,0.0
bayesChangePt,speed_t4013,1233,0.0
bayesChangePt,speed_t4013,1234,0.0
bayesChangePt,speed_t4013,1235,0.0
bayesChangePt,speed_t4013,1236,0.0
bayesChangePt,speed_t4013,1237,0.0
bayesChangePt,speed_t4013,1238,0.0
bayesChangePt,speed_t4013,1239,0.0
bayesChangePt,speed_t4013,1240,0.0
bayesChangePt,speed_t4013,1241,0.0
bayesChangePt,speed_t4013,1242,0.0
bayesChangePt,speed_t4013,1243,0.0
bayesChangePt,speed_t4013,1244,0.0
bayesChangePt,speed_t4013,1245,0.0
bayesChangePt,speed_t4013,1246,0.0
bayesChangePt,speed_t4013,1247,0.0
bayesChangePt,speed_t4013,1248,0.0
bayesChangePt,speed_t4013,1249,0.0
bayesChangePt,speed_t4013,1250,0.0
bayesChangePt,speed_t4013,1251,0.0
bayesChangePt,speed_t4013,1252,0.0
bayesChangePt,speed_t4013,1253,0.0
bayesChangePt,speed_t4013,1254,0.0
bayesChangePt,speed_t4013,1255,0.0
bayesChangePt,speed_t4013,1256,0.0
bayesChangePt,speed_t4013,1257,0.9972527472527473
bayesChangePt,speed_t4013,1258,0.0
bayesChangePt,speed_t4013,1259,0.0
bayesChangePt,speed_t4013,1260,0.0
bayesChangePt,speed_t4013,1261,0.0
bayesChangePt,speed_t4013,1262,0.0
bayesChangePt,speed_t4013,1263,0.0
bayesChangePt,speed_t4013,1264,0.0
bayesChangePt,speed_t4013,1265,0.0
bayesChangePt,speed_t4013,1266,0.0
bayesChangePt,speed_t4013,1267,0.0
bayesChangePt,speed_t4013,1268,0.0
bayesChangePt,speed_t4013,1269,0.0
bayesChangePt,speed_t4013,1270,0.0
bayesChangePt,speed_t4013,1271,0.0
bayesChangePt,speed_t4013,1272,0.0
bayesChangePt,speed_t4013,1273,0.0
bayesChangePt,speed_t4013,1274,0.0
bayesChangePt,speed_t4013,1275,0.0
bayesChangePt,speed_t4013,1276,0.0
bayesChangePt,speed_t4013,1277,0.0
bayesChangePt,speed_t4013,1278,0.0
bayesChangePt,speed_t4013,1279,0.0
bayesChangePt,speed_t4013,1280,0.0
bayesChangePt,speed_t4013,1281,0.0
bayesChangePt,speed_t4013,1282,0.0
bayesChangePt,speed_t4013,1283,0.0
bayesChangePt,speed_t4013,1284,0.0
bayesChangePt,speed_t4013,1285,0.0
bayesChangePt,speed_t4013,1286,0.0
bayesChangePt,speed_t4013,1287,0.0
bayesChangePt,speed_t4013,1288,0.0
bayesChangePt,speed_t4013,1289,0.0
bayesChangePt,speed_t4013,1290,0.0
bayesChangePt,speed_t4013,1291,0.0
bayesChangePt,speed_t4013,1292,0.0
bayesChangePt,speed_t4013,1293,0.0
bayesChangePt,speed_t4013,1294,0.0
bayesChangePt,speed_t4013,1295,0.0
bayesChangePt,speed_t4013,1296,0.0
bayesChangePt,speed_t4013,1297,0.0
bayesChangePt,speed_t4013,1298,0.0
bayesChangePt,speed_t4013,1299,0.0
bayesChangePt,speed_t4013,1300,0.0
bayesChangePt,speed_t4013,1301,0.0
bayesChangePt,speed_t4013,1302,0.0
bayesChangePt,speed_t4013,1303,0.0
bayesChangePt,speed_t4013,1304,0.0
bayesChangePt,speed_t4013,1305,0.0
bayesChangePt,speed_t4013,1306,0.0
bayesChangePt,speed_t4013,1307,0.0
bayesChangePt,speed_t4013,1308,0.0
bayesChangePt,speed_t4013,1309,0.0
bayesChangePt,speed_t4013,1310,0.0
bayesChangePt,speed_t4013,1311,0.0
bayesChangePt,speed_t4013,1312,0.0
bayesChangePt,speed_t4013,1313,0.0
bayesChangePt,speed_t4013,1314,0.0
bayesChangePt,speed_t4013,1315,0.0
bayesChangePt,speed_t4013,1316,0.0
bayesChangePt,speed_t4013,1317,0.0
bayesChangePt,speed_t4013,1318,0.0
bayesChangePt,speed_t4013,1319,0.0
bayesChangePt,speed_t4013,1320,0.0
bayesChangePt,speed_t4013,1321,0.0
bayesChangePt,speed_t4013,1322,0.0
bayesChangePt,speed_t4013,1323,0.5176470588235293
bayesChangePt,speed_t4013,1324,0.0
bayesChangePt,speed_t4013,1325,0.0
bayesChangePt,speed_t4013,1326,0.0
bayesChangePt,speed_t4013,1327,0.0
bayesChangePt,speed_t4013,1328,0.0
bayesChangePt,speed_t4013,1329,0.0
bayesChangePt,speed_t4013,1330,0.0
bayesChangePt,speed_t4013,1331,0.0
bayesChangePt,speed_t4013,1332,0.0
bayesChangePt,speed_t4013,1333,0.0
bayesChangePt,speed_t4013,1334,0.0
bayesChangePt,speed_t4013,1335,0.0
bayesChangePt,speed_t4013,1336,0.0
bayesChangePt,speed_t4013,1337,0.0
bayesChangePt,speed_t4013,1338,0.0
bayesChangePt,speed_t4013,1339,0.0
bayesChangePt,speed_t4013,1340,0.0
bayesChangePt,speed_t4013,1341,0.0
bayesChangePt,speed_t4013,1342,0.0
bayesChangePt,speed_t4013,1343,0.0
bayesChangePt,speed_t4013,1344,0.0
bayesChangePt,speed_t4013,1345,0.0
bayesChangePt,speed_t4013,1346,0.0
bayesChangePt,speed_t4013,1347,0.0
bayesChangePt,speed_t4013,1348,0.0
bayesChangePt,speed_t4013,1349,0.0
bayesChangePt,speed_t4013,1350,0.0
bayesChangePt,speed_t4013,1351,0.0
bayesChangePt,speed_t4013,1352,0.0
bayesChangePt,speed_t4013,1353,0.0
bayesChangePt,speed_t4013,1354,0.0
bayesChangePt,speed_t4013,1355,0.0
bayesChangePt,speed_t4013,1356,0.0
bayesChangePt,speed_t4013,1357,0.0
bayesChangePt,speed_t4013,1358,0.0
bayesChangePt,speed_t4013,1359,0.0
bayesChangePt,speed_t4013,1360,0.0
bayesChangePt,speed_t4013,1361,0.0
bayesChangePt,speed_t4013,1362,0.0
bayesChangePt,speed_t4013,1363,0.0
bayesChangePt,speed_t4013,1364,0.0
bayesChangePt,speed_t4013,1365,0.0
bayesChangePt,speed_t4013,1366,0.0
bayesChangePt,speed_t4013,1367,0.0
bayesChangePt,speed_t4013,1368,0.0
bayesChangePt,speed_t4013,1369,0.0
bayesChangePt,speed_t4013,1370,0.0
bayesChangePt,speed_t4013,1371,0.0
bayesChangePt,speed_t4013,1372,0.0
bayesChangePt,speed_t4013,1373,0.0
bayesChangePt,speed_t4013,1374,0.0
bayesChangePt,speed_t4013,1375,0.0
bayesChangePt,speed_t4013,1376,0.0
bayesChangePt,speed_t4013,1377,0.0
bayesChangePt,speed_t4013,1378,0.0
bayesChangePt,speed_t4013,1379,0.0
bayesChangePt,speed_t4013,1380,0.0
bayesChangePt,speed_t4013,1381,0.0
bayesChangePt,speed_t4013,1382,0.0
bayesChangePt,speed_t4013,1383,0.0
bayesChangePt,speed_t4013,1384,0.0
bayesChangePt,speed_t4013,1385,0.0
bayesChangePt,speed_t4013,1386,0.0
bayesChangePt,speed_t4013,1387,0.0
bayesChangePt,speed_t4013,1388,0.0
bayesChangePt,speed_t4013,1389,0.0
bayesChangePt,speed_t4013,1390,0.0
bayesChangePt,speed_t4013,1391,0.0
bayesChangePt,speed_t4013,1392,0.0
bayesChangePt,speed_t4013,1393,0.0
bayesChangePt,speed_t4013,1394,0.0
bayesChangePt,speed_t4013,1395,0.0
bayesChangePt,speed_t4013,1396,0.0
bayesChangePt,speed_t4013,1397,0.0
bayesChangePt,speed_t4013,1398,0.0
bayesChangePt,speed_t4013,1399,0.0
bayesChangePt,speed_t4013,1400,0.0
bayesChangePt,speed_t4013,1401,0.0
bayesChangePt,speed_t4013,1402,0.0
bayesChangePt,speed_t4013,1403,0.0
bayesChangePt,speed_t4013,1404,0.0
bayesChangePt,speed_t4013,1405,0.0
bayesChangePt,speed_t4013,1406,0.0
bayesChangePt,speed_t4013,1407,0.0
bayesChangePt,speed_t4013,1408,0.0
bayesChangePt,speed_t4013,1409,0.0
bayesChangePt,speed_t4013,1410,0.0
bayesChangePt,speed_t4013,1411,0.0
bayesChangePt,speed_t4013,1412,0.0
bayesChangePt,speed_t4013,1413,0.0
bayesChangePt,speed_t4013,1414,0.0
bayesChangePt,speed_t4013,1415,0.0
bayesChangePt,speed_t4013,1416,0.0
bayesChangePt,speed_t4013,1417,0.0
bayesChangePt,speed_t4013,1418,0.0
bayesChangePt,speed_t4013,1419,0.0
bayesChangePt,speed_t4013,1420,0.0
bayesChangePt,speed_t4013,1421,0.0
bayesChangePt,speed_t4013,1422,0.0
bayesChangePt,speed_t4013,1423,0.0
bayesChangePt,speed_t4013,1424,0.0
bayesChangePt,speed_t4013,1425,0.0
bayesChangePt,speed_t4013,1426,0.0
bayesChangePt,speed_t4013,1427,0.0
bayesChangePt,speed_t4013,1428,0.0
bayesChangePt,speed_t4013,1429,0.0
bayesChangePt,speed_t4013,1430,0.0
bayesChangePt,speed_t4013,1431,0.0
bayesChangePt,speed_t4013,1432,0.0
bayesChangePt,speed_t4013,1433,0.0
bayesChangePt,speed_t4013,1434,0.0
bayesChangePt,speed_t4013,1435,0.0
bayesChangePt,speed_t4013,1436,0.0
bayesChangePt,speed_t4013,1437,0.0
bayesChangePt,speed_t4013,1438,0.0
bayesChangePt,speed_t4013,1439,0.0
bayesChangePt,speed_t4013,1440,0.0
bayesChangePt,speed_t4013,1441,0.0
bayesChangePt,speed_t4013,1442,0.0
bayesChangePt,speed_t4013,1443,0.0
bayesChangePt,speed_t4013,1444,0.0
bayesChangePt,speed_t4013,1445,0.0
bayesChangePt,speed_t4013,1446,0.0
bayesChangePt,speed_t4013,1447,0.0
bayesChangePt,speed_t4013,1448,0.0
bayesChangePt,speed_t4013,1449,0.9939759036144579
bayesChangePt,speed_t4013,1450,0.0
bayesChangePt,speed_t4013,1451,0.0
bayesChangePt,speed_t4013,1452,0.0
bayesChangePt,speed_t4013,1453,0.0
bayesChangePt,speed_t4013,1454,0.0
bayesChangePt,speed_t4013,1455,0.0
bayesChangePt,speed_t4013,1456,0.0
bayesChangePt,speed_t4013,1457,0.0
bayesChangePt,speed_t4013,1458,0.0
bayesChangePt,speed_t4013,1459,0.0
bayesChangePt,speed_t4013,1460,0.0
bayesChangePt,speed_t4013,1461,0.0
bayesChangePt,speed_t4013,1462,0.0
bayesChangePt,speed_t4013,1463,0.0
bayesChangePt,speed_t4013,1464,0.0
bayesChangePt,speed_t4013,1465,0.0
bayesChangePt,speed_t4013,1466,0.0
bayesChangePt,speed_t4013,1467,0.0
bayesChangePt,speed_t4013,1468,0.0
bayesChangePt,speed_t4013,1469,0.0
bayesChangePt,speed_t4013,1470,0.0
bayesChangePt,speed_t4013,1471,0.0
bayesChangePt,speed_t4013,1472,0.0
bayesChangePt,speed_t4013,1473,0.0
bayesChangePt,speed_t4013,1474,0.0
bayesChangePt,speed_t4013,1475,0.0
bayesChangePt,speed_t4013,1476,0.0
bayesChangePt,speed_t4013,1477,0.0
bayesChangePt,speed_t4013,1478,0.0
bayesChangePt,speed_t4013,1479,0.0
bayesChangePt,speed_t4013,1480,0.0
bayesChangePt,speed_t4013,1481,0.0
bayesChangePt,speed_t4013,1482,0.0
bayesChangePt,speed_t4013,1483,0.0
bayesChangePt,speed_t4013,1484,0.0
bayesChangePt,speed_t4013,1485,0.0
bayesChangePt,speed_t4013,1486,0.0
bayesChangePt,speed_t4013,1487,0.0
bayesChangePt,speed_t4013,1488,0.0
bayesChangePt,speed_t4013,1489,0.0
bayesChangePt,speed_t4013,1490,0.0
bayesChangePt,speed_t4013,1491,0.0
bayesChangePt,speed_t4013,1492,0.0
bayesChangePt,speed_t4013,1493,0.0
bayesChangePt,speed_t4013,1494,0.0
bayesChangePt,speed_t4013,1495,0.0
bayesChangePt,speed_t4013,1496,0.0
bayesChangePt,speed_t4013,1497,0.0
bayesChangePt,speed_t4013,1498,0.0
bayesChangePt,speed_t4013,1499,0.0
bayesChangePt,speed_t4013,1500,0.0
bayesChangePt,speed_t4013,1501,0.0
bayesChangePt,speed_t4013,1502,0.0
bayesChangePt,speed_t4013,1503,0.0
bayesChangePt,speed_t4013,1504,0.0
bayesChangePt,speed_t4013,1505,0.0
bayesChangePt,speed_t4013,1506,0.0
bayesChangePt,speed_t4013,1507,0.0
bayesChangePt,speed_t4013,1508,0.0
bayesChangePt,speed_t4013,1509,0.0
bayesChangePt,speed_t4013,1510,0.0
bayesChangePt,speed_t4013,1511,0.0
bayesChangePt,speed_t4013,1512,0.0
bayesChangePt,speed_t4013,1513,0.0
bayesChangePt,speed_t4013,1514,0.0
bayesChangePt,speed_t4013,1515,0.0
bayesChangePt,speed_t4013,1516,0.0
bayesChangePt,speed_t4013,1517,0.0
bayesChangePt,speed_t4013,1518,0.0
bayesChangePt,speed_t4013,1519,0.0
bayesChangePt,speed_t4013,1520,0.0
bayesChangePt,speed_t4013,1521,0.0
bayesChangePt,speed_t4013,1522,0.0
bayesChangePt,speed_t4013,1523,0.0
bayesChangePt,speed_t4013,1524,0.0
bayesChangePt,speed_t4013,1525,0.0
bayesChangePt,speed_t4013,1526,0.0
bayesChangePt,speed_t4013,1527,0.0
bayesChangePt,speed_t4013,1528,0.0
bayesChangePt,speed_t4013,1529,0.0
bayesChangePt,speed_t4013,1530,0.0
bayesChangePt,speed_t4013,1531,0.0
bayesChangePt,speed_t4013,1532,0.0
bayesChangePt,speed_t4013,1533,0.0
bayesChangePt,speed_t4013,1534,0.0
bayesChangePt,speed_t4013,1535,0.0
bayesChangePt,speed_t4013,1536,0.0
bayesChangePt,speed_t4013,1537,0.0
bayesChangePt,speed_t4013,1538,0.0
bayesChangePt,speed_t4013,1539,0.0
bayesChangePt,speed_t4013,1540,0.0
bayesChangePt,speed_t4013,1541,0.0
bayesChangePt,speed_t4013,1542,0.0
bayesChangePt,speed_t4013,1543,0.0
bayesChangePt,speed_t4013,1544,0.0
bayesChangePt,speed_t4013,1545,0.0
bayesChangePt,speed_t4013,1546,0.0
bayesChangePt,speed_t4013,1547,0.0
bayesChangePt,speed_t4013,1548,0.0
bayesChangePt,speed_t4013,1549,0.0
bayesChangePt,speed_t4013,1550,0.0
bayesChangePt,speed_t4013,1551,0.0
bayesChangePt,speed_t4013,1552,0.0
bayesChangePt,speed_t4013,1553,0.0
bayesChangePt,speed_t4013,1554,0.0
bayesChangePt,speed_t4013,1555,0.0
bayesChangePt,speed_t4013,1556,0.0
bayesChangePt,speed_t4013,1557,0.0
bayesChangePt,speed_t4013,1558,0.0
bayesChangePt,speed_t4013,1559,0.0
bayesChangePt,speed_t4013,1560,0.0
bayesChangePt,speed_t4013,1561,0.0
bayesChangePt,speed_t4013,1562,0.0
bayesChangePt,speed_t4013,1563,0.0
bayesChangePt,speed_t4013,1564,0.0
bayesChangePt,speed_t4013,1565,0.0
bayesChangePt,speed_t4013,1566,0.0
bayesChangePt,speed_t4013,1567,0.0
bayesChangePt,speed_t4013,1568,0.0
bayesChangePt,speed_t4013,1569,0.0
bayesChangePt,speed_t4013,1570,0.0
bayesChangePt,speed_t4013,1571,0.0
bayesChangePt,speed_t4013,1572,0.0
bayesChangePt,speed_t4013,1573,0.0
bayesChangePt,speed_t4013,1574,0.0
bayesChangePt,speed_t4013,1575,0.0
bayesChangePt,speed_t4013,1576,0.0
bayesChangePt,speed_t4013,1577,0.0
bayesChangePt,speed_t4013,1578,0.0
bayesChangePt,speed_t4013,1579,0.0
bayesChangePt,speed_t4013,1580,0.0
bayesChangePt,speed_t4013,1581,0.0
bayesChangePt,speed_t4013,1582,0.0
bayesChangePt,speed_t4013,1583,0.0
bayesChangePt,speed_t4013,1584,0.0
bayesChangePt,speed_t4013,1585,0.0
bayesChangePt,speed_t4013,1586,0.0
bayesChangePt,speed_t4013,1587,0.0
bayesChangePt,speed_t4013,1588,0.0
bayesChangePt,speed_t4013,1589,0.0
bayesChangePt,speed_t4013,1590,0.0
bayesChangePt,speed_t4013,1591,0.0
bayesChangePt,speed_t4013,1592,0.0
bayesChangePt,speed_t4013,1593,0.0
bayesChangePt,speed_t4013,1594,0.0
bayesChangePt,speed_t4013,1595,0.0
bayesChangePt,speed_t4013,1596,0.0
bayesChangePt,speed_t4013,1597,0.0
bayesChangePt,speed_t4013,1598,0.0
bayesChangePt,speed_t4013,1599,0.0
bayesChangePt,speed_t4013,1600,0.0
bayesChangePt,speed_t4013,1601,0.0
bayesChangePt,speed_t4013,1602,0.0
bayesChangePt,speed_t4013,1603,0.0
bayesChangePt,speed_t4013,1604,0.0
bayesChangePt,speed_t4013,1605,0.0
bayesChangePt,speed_t4013,1606,0.0
bayesChangePt,speed_t4013,1607,0.0
bayesChangePt,speed_t4013,1608,0.0
bayesChangePt,speed_t4013,1609,0.0
bayesChangePt,speed_t4013,1610,0.0
bayesChangePt,speed_t4013,1611,0.0
bayesChangePt,speed_t4013,1612,0.0
bayesChangePt,speed_t4013,1613,0.0
bayesChangePt,speed_t4013,1614,0.0
bayesChangePt,speed_t4013,1615,0.0
bayesChangePt,speed_t4013,1616,0.0
bayesChangePt,speed_t4013,1617,0.0
bayesChangePt,speed_t4013,1618,0.0
bayesChangePt,speed_t4013,1619,0.0
bayesChangePt,speed_t4013,1620,0.9970326409495549
bayesChangePt,speed_t4013,1621,0.0
bayesChangePt,speed_t4013,1622,0.0
bayesChangePt,speed_t4013,1623,0.9882352941176471
bayesChangePt,speed_t4013,1624,0.0
bayesChangePt,speed_t4013,1625,0.0
bayesChangePt,speed_t4013,1626,0.0
bayesChangePt,speed_t4013,1627,0.0
bayesChangePt,speed_t4013,1628,0.0
bayesChangePt,speed_t4013,1629,0.9710982658959537
bayesChangePt,speed_t4013,1630,0.0
bayesChangePt,speed_t4013,1631,0.0
bayesChangePt,speed_t4013,1632,0.0
bayesChangePt,speed_t4013,1633,0.0
bayesChangePt,speed_t4013,1634,0.0
bayesChangePt,speed_t4013,1635,0.0
bayesChangePt,speed_t4013,1636,0.0
bayesChangePt,speed_t4013,1637,0.0
bayesChangePt,speed_t4013,1638,0.0
bayesChangePt,speed_t4013,1639,0.0
bayesChangePt,speed_t4013,1640,0.9411764705882353
bayesChangePt,speed_t4013,1641,0.0
bayesChangePt,speed_t4013,1642,0.0
bayesChangePt,speed_t4013,1643,0.0
bayesChangePt,speed_t4013,1644,0.0
bayesChangePt,speed_t4013,1645,0.0
bayesChangePt,speed_t4013,1646,0.0
bayesChangePt,speed_t4013,1647,0.0
bayesChangePt,speed_t4013,1648,0.0
bayesChangePt,speed_t4013,1649,0.0
bayesChangePt,speed_t4013,1650,0.0
bayesChangePt,speed_t4013,1651,0.0
bayesChangePt,speed_t4013,1652,0.0
bayesChangePt,speed_t4013,1653,0.0
bayesChangePt,speed_t4013,1654,0.0
bayesChangePt,speed_t4013,1655,0.0
bayesChangePt,speed_t4013,1656,0.0
bayesChangePt,speed_t4013,1657,0.0
bayesChangePt,speed_t4013,1658,0.0
bayesChangePt,speed_t4013,1659,0.0
bayesChangePt,speed_t4013,1660,0.0
bayesChangePt,speed_t4013,1661,0.0
bayesChangePt,speed_t4013,1662,0.0
bayesChangePt,speed_t4013,1663,0.0
bayesChangePt,speed_t4013,1664,0.0
bayesChangePt,speed_t4013,1665,0.0
bayesChangePt,speed_t4013,1666,0.0
bayesChangePt,speed_t4013,1667,0.0
bayesChangePt,speed_t4013,1668,0.0
bayesChangePt,speed_t4013,1669,0.0
bayesChangePt,speed_t4013,1670,0.0
bayesChangePt,speed_t4013,1671,0.0
bayesChangePt,speed_t4013,1672,0.0
bayesChangePt,speed_t4013,1673,0.0
bayesChangePt,speed_t4013,1674,0.0
bayesChangePt,speed_t4013,1675,0.0
bayesChangePt,speed_t4013,1676,0.0
bayesChangePt,speed_t4013,1677,0.0
bayesChangePt,speed_t4013,1678,0.0
bayesChangePt,speed_t4013,1679,0.0
bayesChangePt,speed_t4013,1680,0.0
bayesChangePt,speed_t4013,1681,0.0
bayesChangePt,speed_t4013,1682,0.0
bayesChangePt,speed_t4013,1683,0.0
bayesChangePt,speed_t4013,1684,0.0
bayesChangePt,speed_t4013,1685,0.0
bayesChangePt,speed_t4013,1686,0.0
bayesChangePt,speed_t4013,1687,0.0
bayesChangePt,speed_t4013,1688,0.0
bayesChangePt,speed_t4013,1689,0.0
bayesChangePt,speed_t4013,1690,0.0
bayesChangePt,speed_t4013,1691,0.0
bayesChangePt,speed_t4013,1692,0.0
bayesChangePt,speed_t4013,1693,0.0
bayesChangePt,speed_t4013,1694,0.0
bayesChangePt,speed_t4013,1695,0.0
bayesChangePt,speed_t4013,1696,0.0
bayesChangePt,speed_t4013,1697,0.0
bayesChangePt,speed_t4013,1698,0.0
bayesChangePt,speed_t4013,1699,0.0
bayesChangePt,speed_t4013,1700,0.0
bayesChangePt,speed_t4013,1701,0.0
bayesChangePt,speed_t4013,1702,0.0
bayesChangePt,speed_t4013,1703,0.0
bayesChangePt,speed_t4013,1704,0.0
bayesChangePt,speed_t4013,1705,0.0
bayesChangePt,speed_t4013,1706,0.0
bayesChangePt,speed_t4013,1707,0.0
bayesChangePt,speed_t4013,1708,0.0
bayesChangePt,speed_t4013,1709,0.0
bayesChangePt,speed_t4013,1710,0.0
bayesChangePt,speed_t4013,1711,0.0
bayesChangePt,speed_t4013,1712,0.0
bayesChangePt,speed_t4013,1713,0.0
bayesChangePt,speed_t4013,1714,0.0
bayesChangePt,speed_t4013,1715,0.0
bayesChangePt,speed_t4013,1716,0.0
bayesChangePt,speed_t4013,1717,0.0
bayesChangePt,speed_t4013,1718,0.0
bayesChangePt,speed_t4013,1719,0.0
bayesChangePt,speed_t4013,1720,0.0
bayesChangePt,speed_t4013,1721,0.0
bayesChangePt,speed_t4013,1722,0.0
bayesChangePt,speed_t4013,1723,0.0
bayesChangePt,speed_t4013,1724,0.0
bayesChangePt,speed_t4013,1725,0.0
bayesChangePt,speed_t4013,1726,0.0
bayesChangePt,speed_t4013,1727,0.0
bayesChangePt,speed_t4013,1728,0.0
bayesChangePt,speed_t4013,1729,0.0
bayesChangePt,speed_t4013,1730,0.0
bayesChangePt,speed_t4013,1731,0.0
bayesChangePt,speed_t4013,1732,0.0
bayesChangePt,speed_t4013,1733,0.0
bayesChangePt,speed_t4013,1734,0.0
bayesChangePt,speed_t4013,1735,0.0
bayesChangePt,speed_t4013,1736,0.0
bayesChangePt,speed_t4013,1737,0.0
bayesChangePt,speed_t4013,1738,0.0
bayesChangePt,speed_t4013,1739,0.0
bayesChangePt,speed_t4013,1740,0.0
bayesChangePt,speed_t4013,1741,0.0
bayesChangePt,speed_t4013,1742,0.0
bayesChangePt,speed_t4013,1743,0.7043478260869565
bayesChangePt,speed_t4013,1744,0.0
bayesChangePt,speed_t4013,1745,0.0
bayesChangePt,speed_t4013,1746,0.0
bayesChangePt,speed_t4013,1747,0.0
bayesChangePt,speed_t4013,1748,0.0
bayesChangePt,speed_t4013,1749,0.0
bayesChangePt,speed_t4013,1750,0.0
bayesChangePt,speed_t4013,1751,0.0
bayesChangePt,speed_t4013,1752,0.0
bayesChangePt,speed_t4013,1753,0.0
bayesChangePt,speed_t4013,1754,0.0
bayesChangePt,speed_t4013,1755,0.0
bayesChangePt,speed_t4013,1756,0.0
bayesChangePt,speed_t4013,1757,0.0
bayesChangePt,speed_t4013,1758,0.0
bayesChangePt,speed_t4013,1759,0.0
bayesChangePt,speed_t4013,1760,0.0
bayesChangePt,speed_t4013,1761,0.0
bayesChangePt,speed_t4013,1762,0.0
bayesChangePt,speed_t4013,1763,0.0
bayesChangePt,speed_t4013,1764,0.0
bayesChangePt,speed_t4013,1765,0.0
bayesChangePt,speed_t4013,1766,0.0
bayesChangePt,speed_t4013,1767,0.0
bayesChangePt,speed_t4013,1768,0.0
bayesChangePt,speed_t4013,1769,0.0
bayesChangePt,speed_t4013,1770,0.0
bayesChangePt,speed_t4013,1771,0.0
bayesChangePt,speed_t4013,1772,0.0
bayesChangePt,speed_t4013,1773,0.0
bayesChangePt,speed_t4013,1774,0.0
bayesChangePt,speed_t4013,1775,0.0
bayesChangePt,speed_t4013,1776,0.0
bayesChangePt,speed_t4013,1777,0.0
bayesChangePt,speed_t4013,1778,0.0
bayesChangePt,speed_t4013,1779,0.0
bayesChangePt,speed_t4013,1780,0.0
bayesChangePt,speed_t4013,1781,0.0
bayesChangePt,speed_t4013,1782,0.0
bayesChangePt,speed_t4013,1783,0.0
bayesChangePt,speed_t4013,1784,0.0
bayesChangePt,speed_t4013,1785,0.003992015968063867
bayesChangePt,speed_t4013,1786,0.0
bayesChangePt,speed_t4013,1787,0.0
bayesChangePt,speed_t4013,1788,0.0
bayesChangePt,speed_t4013,1789,0.0
bayesChangePt,speed_t4013,1790,0.7225548902195609
bayesChangePt,speed_t4013,1791,0.0
bayesChangePt,speed_t4013,1792,0.0
bayesChangePt,speed_t4013,1793,0.0
bayesChangePt,speed_t4013,1794,0.0
bayesChangePt,speed_t4013,1795,0.0
bayesChangePt,speed_t4013,1796,0.0
bayesChangePt,speed_t4013,1797,0.0
bayesChangePt,speed_t4013,1798,0.0
bayesChangePt,speed_t4013,1799,0.0
bayesChangePt,speed_t4013,1800,0.0
bayesChangePt,speed_t4013,1801,0.0
bayesChangePt,speed_t4013,1802,0.0
bayesChangePt,speed_t4013,1803,0.0
bayesChangePt,speed_t4013,1804,0.0
bayesChangePt,speed_t4013,1805,0.0
bayesChangePt,speed_t4013,1806,0.0
bayesChangePt,speed_t4013,1807,0.0
bayesChangePt,speed_t4013,1808,0.0
bayesChangePt,speed_t4013,1809,0.0
bayesChangePt,speed_t4013,1810,0.0
bayesChangePt,speed_t4013,1811,0.0
bayesChangePt,speed_t4013,1812,0.0
bayesChangePt,speed_t4013,1813,0.0
bayesChangePt,speed_t4013,1814,0.0
bayesChangePt,speed_t4013,1815,0.0
bayesChangePt,speed_t4013,1816,0.0
bayesChangePt,speed_t4013,1817,0.0
bayesChangePt,speed_t4013,1818,0.0
bayesChangePt,speed_t4013,1819,0.0
bayesChangePt,speed_t4013,1820,0.0
bayesChangePt,speed_t4013,1821,0.0
bayesChangePt,speed_t4013,1822,0.0
bayesChangePt,speed_t4013,1823,0.0
bayesChangePt,speed_t4013,1824,0.0
bayesChangePt,speed_t4013,1825,0.0
bayesChangePt,speed_t4013,1826,0.0
bayesChangePt,speed_t4013,1827,0.0
bayesChangePt,speed_t4013,1828,0.0
bayesChangePt,speed_t4013,1829,0.0
bayesChangePt,speed_t4013,1830,0.0
bayesChangePt,speed_t4013,1831,0.0
bayesChangePt,speed_t4013,1832,0.0
bayesChangePt,speed_t4013,1833,0.0
bayesChangePt,speed_t4013,1834,0.989010989010989
bayesChangePt,speed_t4013,1835,0.0
bayesChangePt,speed_t4013,1836,0.0
bayesChangePt,speed_t4013,1837,0.0
bayesChangePt,speed_t4013,1838,0.0
bayesChangePt,speed_t4013,1839,0.0
bayesChangePt,speed_t4013,1840,0.0
bayesChangePt,speed_t4013,1841,0.0
bayesChangePt,speed_t4013,1842,0.0
bayesChangePt,speed_t4013,1843,0.0
bayesChangePt,speed_t4013,1844,0.0
bayesChangePt,speed_t4013,1845,0.0
bayesChangePt,speed_t4013,1846,0.0
bayesChangePt,speed_t4013,1847,0.0
bayesChangePt,speed_t4013,1848,0.0
bayesChangePt,speed_t4013,1849,0.0
bayesChangePt,speed_t4013,1850,0.0
bayesChangePt,speed_t4013,1851,0.0
bayesChangePt,speed_t4013,1852,0.0
bayesChangePt,speed_t4013,1853,0.0
bayesChangePt,speed_t4013,1854,0.0
bayesChangePt,speed_t4013,1855,0.0
bayesChangePt,speed_t4013,1856,0.0
bayesChangePt,speed_t4013,1857,0.0
bayesChangePt,speed_t4013,1858,0.0
bayesChangePt,speed_t4013,1859,0.0
bayesChangePt,speed_t4013,1860,0.0
bayesChangePt,speed_t4013,1861,0.0
bayesChangePt,speed_t4013,1862,0.0
bayesChangePt,speed_t4013,1863,0.0
bayesChangePt,speed_t4013,1864,0.0
bayesChangePt,speed_t4013,1865,0.0
bayesChangePt,speed_t4013,1866,0.0
bayesChangePt,speed_t4013,1867,0.0
bayesChangePt,speed_t4013,1868,0.0
bayesChangePt,speed_t4013,1869,0.0
bayesChangePt,speed_t4013,1870,0.0
bayesChangePt,speed_t4013,1871,0.0
bayesChangePt,speed_t4013,1872,0.0
bayesChangePt,speed_t4013,1873,0.0
bayesChangePt,speed_t4013,1874,0.0
bayesChangePt,speed_t4013,1875,0.0
bayesChangePt,speed_t4013,1876,0.0
bayesChangePt,speed_t4013,1877,0.0
bayesChangePt,speed_t4013,1878,0.0
bayesChangePt,speed_t4013,1879,0.0
bayesChangePt,speed_t4013,1880,0.0
bayesChangePt,speed_t4013,1881,0.0
bayesChangePt,speed_t4013,1882,0.0
bayesChangePt,speed_t4013,1883,0.0
bayesChangePt,speed_t4013,1884,0.0
bayesChangePt,speed_t4013,1885,0.0
bayesChangePt,speed_t4013,1886,0.0
bayesChangePt,speed_t4013,1887,0.0
bayesChangePt,speed_t4013,1888,0.0
bayesChangePt,speed_t4013,1889,0.0
bayesChangePt,speed_t4013,1890,0.0
bayesChangePt,speed_t4013,1891,0.0
bayesChangePt,speed_t4013,1892,0.0
bayesChangePt,speed_t4013,1893,0.0
bayesChangePt,speed_t4013,1894,0.0
bayesChangePt,speed_t4013,1895,0.0
bayesChangePt,speed_t4013,1896,0.0
bayesChangePt,speed_t4013,1897,0.0
bayesChangePt,speed_t4013,1898,0.0
bayesChangePt,speed_t4013,1899,0.0
bayesChangePt,speed_t4013,1900,0.0
bayesChangePt,speed_t4013,1901,0.0
bayesChangePt,speed_t4013,1902,0.0
bayesChangePt,speed_t4013,1903,0.0
bayesChangePt,speed_t4013,1904,0.0
bayesChangePt,speed_t4013,1905,0.0
bayesChangePt,speed_t4013,1906,0.0
bayesChangePt,speed_t4013,1907,0.8647798742138365
bayesChangePt,speed_t4013,1908,0.0
bayesChangePt,speed_t4013,1909,0.0
bayesChangePt,speed_t4013,1910,0.0
bayesChangePt,speed_t4013,1911,0.0
bayesChangePt,speed_t4013,1912,0.0
bayesChangePt,speed_t4013,1913,0.0
bayesChangePt,speed_t4013,1914,0.0
bayesChangePt,speed_t4013,1915,0.0
bayesChangePt,speed_t4013,1916,0.0
bayesChangePt,speed_t4013,1917,0.0
bayesChangePt,speed_t4013,1918,0.0
bayesChangePt,speed_t4013,1919,0.0
bayesChangePt,speed_t4013,1920,0.0
bayesChangePt,speed_t4013,1921,0.18674698795180722
bayesChangePt,speed_t4013,1922,0.0
bayesChangePt,speed_t4013,1923,0.0
bayesChangePt,speed_t4013,1924,0.0
bayesChangePt,speed_t4013,1925,0.7765567765567766
bayesChangePt,speed_t4013,1926,0.0
bayesChangePt,speed_t4013,1927,0.0
bayesChangePt,speed_t4013,1928,0.7681159420289855
bayesChangePt,speed_t4013,1929,0.0
bayesChangePt,speed_t4013,1930,0.0
bayesChangePt,speed_t4013,1931,0.0
bayesChangePt,speed_t4013,1932,0.0
bayesChangePt,speed_t4013,1933,0.0
bayesChangePt,speed_t4013,1934,0.0
bayesChangePt,speed_t4013,1935,0.0
bayesChangePt,speed_t4013,1936,0.0
bayesChangePt,speed_t4013,1937,0.0
bayesChangePt,speed_t4013,1938,0.0
bayesChangePt,speed_t4013,1939,0.0
bayesChangePt,speed_t4013,1940,0.7361111111111112
bayesChangePt,speed_t4013,1941,0.0
bayesChangePt,speed_t4013,1942,0.0
bayesChangePt,speed_t4013,1943,0.0
bayesChangePt,speed_t4013,1944,0.0
bayesChangePt,speed_t4013,1945,0.0
bayesChangePt,speed_t4013,1946,0.0
bayesChangePt,speed_t4013,1947,0.0
bayesChangePt,speed_t4013,1948,0.0
bayesChangePt,speed_t4013,1949,0.0
bayesChangePt,speed_t4013,1950,0.0
bayesChangePt,speed_t4013,1951,0.0
bayesChangePt,speed_t4013,1952,0.0
bayesChangePt,speed_t4013,1953,0.0
bayesChangePt,speed_t4013,1954,0.0
bayesChangePt,speed_t4013,1955,0.0
bayesChangePt,speed_t4013,1956,0.0
bayesChangePt,speed_t4013,1957,0.0
bayesChangePt,speed_t4013,1958,0.0
bayesChangePt,speed_t4013,1959,0.0
bayesChangePt,speed_t4013,1960,0.0
bayesChangePt,speed_t4013,1961,0.0
bayesChangePt,speed_t4013,1962,0.0
bayesChangePt,speed_t4013,1963,0.0
bayesChangePt,speed_t4013,1964,0.0
bayesChangePt,speed_t4013,1965,0.0
bayesChangePt,speed_t4013,1966,0.0
bayesChangePt,speed_t4013,1967,0.0
bayesChangePt,speed_t4013,1968,0.0
bayesChangePt,speed_t4013,1969,0.0
bayesChangePt,speed_t4013,1970,0.0
bayesChangePt,speed_t4013,1971,0.0
bayesChangePt,speed_t4013,1972,0.0
bayesChangePt,speed_t4013,1973,0.0
bayesChangePt,speed_t4013,1974,0.0
bayesChangePt,speed_t4013,1975,0.0
bayesChangePt,speed_t4013,1976,0.0
bayesChangePt,speed_t4013,1977,0.0
bayesChangePt,speed_t4013,1978,0.0
bayesChangePt,speed_t4013,1979,0.0
bayesChangePt,speed_t4013,1980,0.0
bayesChangePt,speed_t4013,1981,0.0
bayesChangePt,speed_t4013,1982,0.0
bayesChangePt,speed_t4013,1983,0.0
bayesChangePt,speed_t4013,1984,0.0
bayesChangePt,speed_t4013,1985,0.0
bayesChangePt,speed_t4013,1986,0.0
bayesChangePt,speed_t4013,1987,0.0
bayesChangePt,speed_t4013,1988,0.0
bayesChangePt,speed_t4013,1989,0.0
bayesChangePt,speed_t4013,1990,0.0
bayesChangePt,speed_t4013,1991,0.0
bayesChangePt,speed_t4013,1992,0.0
bayesChangePt,speed_t4013,1993,0.0
bayesChangePt,speed_t4013,1994,0.0
bayesChangePt,speed_t4013,1995,0.0
bayesChangePt,speed_t4013,1996,0.0
bayesChangePt,speed_t4013,1997,0.0
bayesChangePt,speed_t4013,1998,0.0
bayesChangePt,speed_t4013,1999,0.0
bayesChangePt,speed_t4013,2000,0.0
bayesChangePt,speed_t4013,2001,0.0
bayesChangePt,speed_t4013,2002,0.0
bayesChangePt,speed_t4013,2003,0.0
bayesChangePt,speed_t4013,2004,0.0
bayesChangePt,speed_t4013,2005,0.0
bayesChangePt,speed_t4013,2006,0.0
bayesChangePt,speed_t4013,2007,0.0
bayesChangePt,speed_t4013,2008,0.0
bayesChangePt,speed_t4013,2009,0.0
bayesChangePt,speed_t4013,2010,0.0
bayesChangePt,speed_t4013,2011,0.0
bayesChangePt,speed_t4013,2012,0.0
bayesChangePt,speed_t4013,2013,0.0
bayesChangePt,speed_t4013,2014,0.0
bayesChangePt,speed_t4013,2015,0.0
bayesChangePt,speed_t4013,2016,0.0
bayesChangePt,speed_t4013,2017,0.0
bayesChangePt,speed_t4013,2018,0.0
bayesChangePt,speed_t4013,2019,0.0
bayesChangePt,speed_t4013,2020,0.0
bayesChangePt,speed_t4013,2021,0.0
bayesChangePt,speed_t4013,2022,0.0
bayesChangePt,speed_t4013,2023,0.0
bayesChangePt,speed_t4013,2024,0.0
bayesChangePt,speed_t4013,2025,0.0
bayesChangePt,speed_t4013,2026,0.0
bayesChangePt,speed_t4013,2027,0.0
bayesChangePt,speed_t4013,2028,0.0
bayesChangePt,speed_t4013,2029,0.0
bayesChangePt,speed_t4013,2030,0.0
bayesChangePt,speed_t4013,2031,0.0
bayesChangePt,speed_t4013,2032,0.0
bayesChangePt,speed_t4013,2033,0.0
bayesChangePt,speed_t4013,2034,0.0
bayesChangePt,speed_t4013,2035,0.0
bayesChangePt,speed_t4013,2036,0.0
bayesChangePt,speed_t4013,2037,0.0
bayesChangePt,speed_t4013,2038,0.0
bayesChangePt,speed_t4013,2039,0.0
bayesChangePt,speed_t4013,2040,0.0
bayesChangePt,speed_t4013,2041,0.0
bayesChangePt,speed_t4013,2042,0.0
bayesChangePt,speed_t4013,2043,0.0
bayesChangePt,speed_t4013,2044,0.0
bayesChangePt,speed_t4013,2045,0.0
bayesChangePt,speed_t4013,2046,0.0
bayesChangePt,speed_t4013,2047,0.0
bayesChangePt,speed_t4013,2048,0.0
bayesChangePt,speed_t4013,2049,0.0
bayesChangePt,speed_t4013,2050,0.0
bayesChangePt,speed_t4013,2051,0.0
bayesChangePt,speed_t4013,2052,0.0
bayesChangePt,speed_t4013,2053,0.0
bayesChangePt,speed_t4013,2054,0.0
bayesChangePt,speed_t4013,2055,0.0
bayesChangePt,speed_t4013,2056,0.0
bayesChangePt,speed_t4013,2057,0.0
bayesChangePt,speed_t4013,2058,0.0
bayesChangePt,speed_t4013,2059,0.0
bayesChangePt,speed_t4013,2060,0.0
bayesChangePt,speed_t4013,2061,0.0
bayesChangePt,speed_t4013,2062,0.0
bayesChangePt,speed_t4013,2063,0.0
bayesChangePt,speed_t4013,2064,0.0
bayesChangePt,speed_t4013,2065,0.0
bayesChangePt,speed_t4013,2066,0.0
bayesChangePt,speed_t4013,2067,0.0
bayesChangePt,speed_t4013,2068,0.0
bayesChangePt,speed_t4013,2069,0.0
bayesChangePt,speed_t4013,2070,0.0
bayesChangePt,speed_t4013,2071,0.0
bayesChangePt,speed_t4013,2072,0.0
bayesChangePt,speed_t4013,2073,0.0
bayesChangePt,speed_t4013,2074,0.0
bayesChangePt,speed_t4013,2075,0.0
bayesChangePt,speed_t4013,2076,0.0
bayesChangePt,speed_t4013,2077,0.0
bayesChangePt,speed_t4013,2078,0.0
bayesChangePt,speed_t4013,2079,0.0
bayesChangePt,speed_t4013,2080,0.0
bayesChangePt,speed_t4013,2081,0.0
bayesChangePt,speed_t4013,2082,0.0
bayesChangePt,speed_t4013,2083,0.0
bayesChangePt,speed_t4013,2084,0.0
bayesChangePt,speed_t4013,2085,0.0
bayesChangePt,speed_t4013,2086,0.0
bayesChangePt,speed_t4013,2087,0.0
bayesChangePt,speed_t4013,2088,0.0
bayesChangePt,speed_t4013,2089,0.0
bayesChangePt,speed_t4013,2090,0.0
bayesChangePt,speed_t4013,2091,0.0
bayesChangePt,speed_t4013,2092,0.0
bayesChangePt,speed_t4013,2093,0.0
bayesChangePt,speed_t4013,2094,0.0
bayesChangePt,speed_t4013,2095,0.0
bayesChangePt,speed_t4013,2096,0.0
bayesChangePt,speed_t4013,2097,0.0
bayesChangePt,speed_t4013,2098,0.0
bayesChangePt,speed_t4013,2099,0.0
bayesChangePt,speed_t4013,2100,0.0
bayesChangePt,speed_t4013,2101,0.0
bayesChangePt,speed_t4013,2102,0.0
bayesChangePt,speed_t4013,2103,0.0
bayesChangePt,speed_t4013,2104,0.0
bayesChangePt,speed_t4013,2105,0.9916666666666667
bayesChangePt,speed_t4013,2106,0.0
bayesChangePt,speed_t4013,2107,0.0
bayesChangePt,speed_t4013,2108,0.0
bayesChangePt,speed_t4013,2109,0.0
bayesChangePt,speed_t4013,2110,0.0
bayesChangePt,speed_t4013,2111,0.0
bayesChangePt,speed_t4013,2112,0.25
bayesChangePt,speed_t4013,2113,0.0
bayesChangePt,speed_t4013,2114,0.0
bayesChangePt,speed_t4013,2115,0.0
bayesChangePt,speed_t4013,2116,0.0
bayesChangePt,speed_t4013,2117,0.0
bayesChangePt,speed_t4013,2118,0.0
bayesChangePt,speed_t4013,2119,0.0
bayesChangePt,speed_t4013,2120,0.0
bayesChangePt,speed_t4013,2121,0.0
bayesChangePt,speed_t4013,2122,0.0
bayesChangePt,speed_t4013,2123,0.782608695652174
bayesChangePt,speed_t4013,2124,0.0
bayesChangePt,speed_t4013,2125,0.0
bayesChangePt,speed_t4013,2126,0.0
bayesChangePt,speed_t4013,2127,0.0
bayesChangePt,speed_t4013,2128,0.0
bayesChangePt,speed_t4013,2129,0.0
bayesChangePt,speed_t4013,2130,0.0
bayesChangePt,speed_t4013,2131,0.0
bayesChangePt,speed_t4013,2132,0.0
bayesChangePt,speed_t4013,2133,0.0
bayesChangePt,speed_t4013,2134,0.0
bayesChangePt,speed_t4013,2135,0.0
bayesChangePt,speed_t4013,2136,0.0
bayesChangePt,speed_t4013,2137,0.0
bayesChangePt,speed_t4013,2138,0.0
bayesChangePt,speed_t4013,2139,0.0
bayesChangePt,speed_t4013,2140,0.0
bayesChangePt,speed_t4013,2141,0.0
bayesChangePt,speed_t4013,2142,0.0714285714285714
bayesChangePt,speed_t4013,2143,0.0
bayesChangePt,speed_t4013,2144,0.0
bayesChangePt,speed_t4013,2145,0.9024390243902439
bayesChangePt,speed_t4013,2146,0.0
bayesChangePt,speed_t4013,2147,0.0
bayesChangePt,speed_t4013,2148,0.16666666666666663
bayesChangePt,speed_t4013,2149,0.0
bayesChangePt,speed_t4013,2150,0.0
bayesChangePt,speed_t4013,2151,0.0
bayesChangePt,speed_t4013,2152,0.0
bayesChangePt,speed_t4013,2153,0.0
bayesChangePt,speed_t4013,2154,0.0
bayesChangePt,speed_t4013,2155,0.0
bayesChangePt,speed_t4013,2156,0.0
bayesChangePt,speed_t4013,2157,0.0
bayesChangePt,speed_t4013,2158,0.0
bayesChangePt,speed_t4013,2159,0.0
bayesChangePt,speed_t4013,2160,0.0
bayesChangePt,speed_t4013,2161,0.0
bayesChangePt,speed_t4013,2162,0.0
bayesChangePt,speed_t4013,2163,0.0
bayesChangePt,speed_t4013,2164,0.0
bayesChangePt,speed_t4013,2165,0.0
bayesChangePt,speed_t4013,2166,0.0
bayesChangePt,speed_t4013,2167,0.0
bayesChangePt,speed_t4013,2168,0.42307692307692313
bayesChangePt,speed_t4013,2169,0.0
bayesChangePt,speed_t4013,2170,0.0
bayesChangePt,speed_t4013,2171,0.0
bayesChangePt,speed_t4013,2172,0.0
bayesChangePt,speed_t4013,2173,0.0
bayesChangePt,speed_t4013,2174,0.0
bayesChangePt,speed_t4013,2175,0.0
bayesChangePt,speed_t4013,2176,0.0
bayesChangePt,speed_t4013,2177,0.5862068965517242
bayesChangePt,speed_t4013,2178,0.0
bayesChangePt,speed_t4013,2179,0.0
bayesChangePt,speed_t4013,2180,0.0
bayesChangePt,speed_t4013,2181,0.0
bayesChangePt,speed_t4013,2182,0.0
bayesChangePt,speed_t4013,2183,0.0
bayesChangePt,speed_t4013,2184,0.0
bayesChangePt,speed_t4013,2185,0.0
bayesChangePt,speed_t4013,2186,0.0
bayesChangePt,speed_t4013,2187,0.0
bayesChangePt,speed_t4013,2188,0.0
bayesChangePt,speed_t4013,2189,0.0
bayesChangePt,speed_t4013,2190,0.0
bayesChangePt,speed_t4013,2191,0.0
bayesChangePt,speed_t4013,2192,0.0
bayesChangePt,speed_t4013,2193,0.0
bayesChangePt,speed_t4013,2194,0.0
bayesChangePt,speed_t4013,2195,0.0
bayesChangePt,speed_t4013,2196,0.5
bayesChangePt,speed_t4013,2197,0.0
bayesChangePt,speed_t4013,2198,0.0
bayesChangePt,speed_t4013,2199,0.0
bayesChangePt,speed_t4013,2200,0.0
bayesChangePt,speed_t4013,2201,0.0
bayesChangePt,speed_t4013,2202,0.0
bayesChangePt,speed_t4013,2203,0.0
bayesChangePt,speed_t4013,2204,0.0
bayesChangePt,speed_t4013,2205,0.0
bayesChangePt,speed_t4013,2206,0.0
bayesChangePt,speed_t4013,2207,0.0
bayesChangePt,speed_t4013,2208,0.0
bayesChangePt,speed_t4013,2209,0.0
bayesChangePt,speed_t4013,2210,0.0
bayesChangePt,speed_t4013,2211,0.0
bayesChangePt,speed_t4013,2212,0.0
bayesChangePt,speed_t4013,2213,0.0
bayesChangePt,speed_t4013,2214,0.0
bayesChangePt,speed_t4013,2215,0.0
bayesChangePt,speed_t4013,2216,0.0
bayesChangePt,speed_t4013,2217,0.0
bayesChangePt,speed_t4013,2218,0.0
bayesChangePt,speed_t4013,2219,0.0
bayesChangePt,speed_t4013,2220,0.0
bayesChangePt,speed_t4013,2221,0.0
bayesChangePt,speed_t4013,2222,0.0
bayesChangePt,speed_t4013,2223,0.0
bayesChangePt,speed_t4013,2224,0.0
bayesChangePt,speed_t4013,2225,0.0
bayesChangePt,speed_t4013,2226,0.0
bayesChangePt,speed_t4013,2227,0.0
bayesChangePt,speed_t4013,2228,0.0
bayesChangePt,speed_t4013,2229,0.0
bayesChangePt,speed_t4013,2230,0.0
bayesChangePt,speed_t4013,2231,0.0
bayesChangePt,speed_t4013,2232,0.0
bayesChangePt,speed_t4013,2233,0.0
bayesChangePt,speed_t4013,2234,0.0
bayesChangePt,speed_t4013,2235,0.0
bayesChangePt,speed_t4013,2236,0.0
bayesChangePt,speed_t4013,2237,0.0
bayesChangePt,speed_t4013,2238,0.0
bayesChangePt,speed_t4013,2239,0.0
bayesChangePt,speed_t4013,2240,0.0
bayesChangePt,speed_t4013,2241,0.0
bayesChangePt,speed_t4013,2242,0.0
bayesChangePt,speed_t4013,2243,0.0
bayesChangePt,speed_t4013,2244,0.0
bayesChangePt,speed_t4013,2245,0.0
bayesChangePt,speed_t4013,2246,0.0
bayesChangePt,speed_t4013,2247,0.0
bayesChangePt,speed_t4013,2248,0.0
bayesChangePt,speed_t4013,2249,0.0
bayesChangePt,speed_t4013,2250,0.0
bayesChangePt,speed_t4013,2251,0.0
bayesChangePt,speed_t4013,2252,0.0
bayesChangePt,speed_t4013,2253,0.0
bayesChangePt,speed_t4013,2254,0.0
bayesChangePt,speed_t4013,2255,0.0
bayesChangePt,speed_t4013,2256,0.0
bayesChangePt,speed_t4013,2257,0.0
bayesChangePt,speed_t4013,2258,0.0
bayesChangePt,speed_t4013,2259,0.0
bayesChangePt,speed_t4013,2260,0.0
bayesChangePt,speed_t4013,2261,0.0
bayesChangePt,speed_t4013,2262,0.0
bayesChangePt,speed_t4013,2263,0.0
bayesChangePt,speed_t4013,2264,0.0
bayesChangePt,speed_t4013,2265,0.0
bayesChangePt,speed_t4013,2266,0.0
bayesChangePt,speed_t4013,2267,0.0
bayesChangePt,speed_t4013,2268,0.0
bayesChangePt,speed_t4013,2269,0.0
bayesChangePt,speed_t4013,2270,0.0
bayesChangePt,speed_t4013,2271,0.0
bayesChangePt,speed_t4013,2272,0.0
bayesChangePt,speed_t4013,2273,0.0
bayesChangePt,speed_t4013,2274,0.0
bayesChangePt,speed_t4013,2275,0.0
bayesChangePt,speed_t4013,2276,0.0
bayesChangePt,speed_t4013,2277,0.0
bayesChangePt,speed_t4013,2278,0.0
bayesChangePt,speed_t4013,2279,0.0
bayesChangePt,speed_t4013,2280,0.0
bayesChangePt,speed_t4013,2281,0.0
bayesChangePt,speed_t4013,2282,0.0
bayesChangePt,speed_t4013,2283,0.0
bayesChangePt,speed_t4013,2284,0.0
bayesChangePt,speed_t4013,2285,0.0
bayesChangePt,speed_t4013,2286,0.0
bayesChangePt,speed_t4013,2287,0.0
bayesChangePt,speed_t4013,2288,0.0
bayesChangePt,speed_t4013,2289,0.0
bayesChangePt,speed_t4013,2290,0.0
bayesChangePt,speed_t4013,2291,0.0
bayesChangePt,speed_t4013,2292,0.0
bayesChangePt,speed_t4013,2293,0.0
bayesChangePt,speed_t4013,2294,0.0
bayesChangePt,speed_t4013,2295,0.0
bayesChangePt,speed_t4013,2296,0.0
bayesChangePt,speed_t4013,2297,0.0
bayesChangePt,speed_t4013,2298,0.0
bayesChangePt,speed_t4013,2299,0.0
bayesChangePt,speed_t4013,2300,0.0
bayesChangePt,speed_t4013,2301,0.0
bayesChangePt,speed_t4013,2302,0.0
bayesChangePt,speed_t4013,2303,0.0
bayesChangePt,speed_t4013,2304,0.0
bayesChangePt,speed_t4013,2305,0.0
bayesChangePt,speed_t4013,2306,0.0
bayesChangePt,speed_t4013,2307,0.0
bayesChangePt,speed_t4013,2308,0.0
bayesChangePt,speed_t4013,2309,0.0
bayesChangePt,speed_t4013,2310,0.0
bayesChangePt,speed_t4013,2311,0.0
bayesChangePt,speed_t4013,2312,0.0
bayesChangePt,speed_t4013,2313,0.0
bayesChangePt,speed_t4013,2314,0.0
bayesChangePt,speed_t4013,2315,0.0
bayesChangePt,speed_t4013,2316,0.0
bayesChangePt,speed_t4013,2317,0.0
bayesChangePt,speed_t4013,2318,0.0
bayesChangePt,speed_t4013,2319,0.0
bayesChangePt,speed_t4013,2320,0.0
bayesChangePt,speed_t4013,2321,0.0
bayesChangePt,speed_t4013,2322,0.0
bayesChangePt,speed_t4013,2323,0.0
bayesChangePt,speed_t4013,2324,0.0
bayesChangePt,speed_t4013,2325,0.0
bayesChangePt,speed_t4013,2326,0.0
bayesChangePt,speed_t4013,2327,0.0
bayesChangePt,speed_t4013,2328,0.0
bayesChangePt,speed_t4013,2329,0.0
bayesChangePt,speed_t4013,2330,0.0
bayesChangePt,speed_t4013,2331,0.0
bayesChangePt,speed_t4013,2332,0.0
bayesChangePt,speed_t4013,2333,0.0
bayesChangePt,speed_t4013,2334,0.0
bayesChangePt,speed_t4013,2335,0.0
bayesChangePt,speed_t4013,2336,0.0
bayesChangePt,speed_t4013,2337,0.0
bayesChangePt,speed_t4013,2338,0.0
bayesChangePt,speed_t4013,2339,0.0
bayesChangePt,speed_t4013,2340,0.0
bayesChangePt,speed_t4013,2341,0.0
bayesChangePt,speed_t4013,2342,0.0
bayesChangePt,speed_t4013,2343,0.0
bayesChangePt,speed_t4013,2344,0.0
bayesChangePt,speed_t4013,2345,0.0
bayesChangePt,speed_t4013,2346,0.0
bayesChangePt,speed_t4013,2347,0.0
bayesChangePt,speed_t4013,2348,0.0
bayesChangePt,speed_t4013,2349,0.0
bayesChangePt,speed_t4013,2350,0.0
bayesChangePt,speed_t4013,2351,0.9828571428571429
bayesChangePt,speed_t4013,2352,0.0
bayesChangePt,speed_t4013,2353,0.0
bayesChangePt,speed_t4013,2354,0.0
bayesChangePt,speed_t4013,2355,0.0
bayesChangePt,speed_t4013,2356,0.0
bayesChangePt,speed_t4013,2357,0.0
bayesChangePt,speed_t4013,2358,0.0
bayesChangePt,speed_t4013,2359,0.0
bayesChangePt,speed_t4013,2360,0.0
bayesChangePt,speed_t4013,2361,0.0
bayesChangePt,speed_t4013,2362,0.0
bayesChangePt,speed_t4013,2363,0.0
bayesChangePt,speed_t4013,2364,0.0
bayesChangePt,speed_t4013,2365,0.0
bayesChangePt,speed_t4013,2366,0.0
bayesChangePt,speed_t4013,2367,0.0
bayesChangePt,speed_t4013,2368,0.0
bayesChangePt,speed_t4013,2369,0.0
bayesChangePt,speed_t4013,2370,0.0
bayesChangePt,speed_t4013,2371,0.0
bayesChangePt,speed_t4013,2372,0.0
bayesChangePt,speed_t4013,2373,0.0
bayesChangePt,speed_t4013,2374,0.0
bayesChangePt,speed_t4013,2375,0.864321608040201
bayesChangePt,speed_t4013,2376,0.0
bayesChangePt,speed_t4013,2377,0.0
bayesChangePt,speed_t4013,2378,0.8514851485148515
bayesChangePt,speed_t4013,2379,0.0
bayesChangePt,speed_t4013,2380,0.0
bayesChangePt,speed_t4013,2381,0.0
bayesChangePt,speed_t4013,2382,0.0
bayesChangePt,speed_t4013,2383,0.0
bayesChangePt,speed_t4013,2384,0.0
bayesChangePt,speed_t4013,2385,0.0
bayesChangePt,speed_t4013,2386,0.0
bayesChangePt,speed_t4013,2387,0.0
bayesChangePt,speed_t4013,2388,0.0
bayesChangePt,speed_t4013,2389,0.0
bayesChangePt,speed_t4013,2390,0.0
bayesChangePt,speed_t4013,2391,0.0
bayesChangePt,speed_t4013,2392,0.0
bayesChangePt,speed_t4013,2393,0.0
bayesChangePt,speed_t4013,2394,0.9111111111111111
bayesChangePt,speed_t4013,2395,0.0
bayesChangePt,speed_t4013,2396,0.0
bayesChangePt,speed_t4013,2397,0.0
bayesChangePt,speed_t4013,2398,0.0
bayesChangePt,speed_t4013,2399,0.0
bayesChangePt,speed_t4013,2400,0.0
bayesChangePt,speed_t4013,2401,0.0
bayesChangePt,speed_t4013,2402,0.0
bayesChangePt,speed_t4013,2403,0.0
bayesChangePt,speed_t4013,2404,0.6153846153846154
bayesChangePt,speed_t4013,2405,0.0
bayesChangePt,speed_t4013,2406,0.0
bayesChangePt,speed_t4013,2407,0.0
bayesChangePt,speed_t4013,2408,0.0
bayesChangePt,speed_t4013,2409,0.0
bayesChangePt,speed_t4013,2410,0.0
bayesChangePt,speed_t4013,2411,0.0
bayesChangePt,speed_t4013,2412,0.0
bayesChangePt,speed_t4013,2413,0.78125
bayesChangePt,speed_t4013,2414,0.0
bayesChangePt,speed_t4013,2415,0.0
bayesChangePt,speed_t4013,2416,0.0
bayesChangePt,speed_t4013,2417,0.0
bayesChangePt,speed_t4013,2418,0.0
bayesChangePt,speed_t4013,2419,0.0
bayesChangePt,speed_t4013,2420,0.0
bayesChangePt,speed_t4013,2421,0.0
bayesChangePt,speed_t4013,2422,0.0
bayesChangePt,speed_t4013,2423,0.0
bayesChangePt,speed_t4013,2424,0.0
bayesChangePt,speed_t4013,2425,0.0
bayesChangePt,speed_t4013,2426,0.0
bayesChangePt,speed_t4013,2427,0.0
bayesChangePt,speed_t4013,2428,0.6329113924050633
bayesChangePt,speed_t4013,2429,0.0
bayesChangePt,speed_t4013,2430,0.0
bayesChangePt,speed_t4013,2431,0.0
bayesChangePt,speed_t4013,2432,0.0
bayesChangePt,speed_t4013,2433,0.0
bayesChangePt,speed_t4013,2434,0.0
bayesChangePt,speed_t4013,2435,0.0
bayesChangePt,speed_t4013,2436,0.0
bayesChangePt,speed_t4013,2437,0.0
bayesChangePt,speed_t4013,2438,0.0
bayesChangePt,speed_t4013,2439,0.0
bayesChangePt,speed_t4013,2440,0.0
bayesChangePt,speed_t4013,2441,0.0
bayesChangePt,speed_t4013,2442,0.0
bayesChangePt,speed_t4013,2443,0.0
bayesChangePt,speed_t4013,2444,0.0
bayesChangePt,speed_t4013,2445,0.0
bayesChangePt,speed_t4013,2446,0.0
bayesChangePt,speed_t4013,2447,0.0
bayesChangePt,speed_t4013,2448,0.0
bayesChangePt,speed_t4013,2449,0.0
bayesChangePt,speed_t4013,2450,0.0
bayesChangePt,speed_t4013,2451,0.0
bayesChangePt,speed_t4013,2452,0.0
bayesChangePt,speed_t4013,2453,0.0
bayesChangePt,speed_t4013,2454,0.0
bayesChangePt,speed_t4013,2455,0.0
bayesChangePt,speed_t4013,2456,0.0
bayesChangePt,speed_t4013,2457,0.0
bayesChangePt,speed_t4013,2458,0.0
bayesChangePt,speed_t4013,2459,0.0
bayesChangePt,speed_t4013,2460,0.0
bayesChangePt,speed_t4013,2461,0.0
bayesChangePt,speed_t4013,2462,0.0
bayesChangePt,speed_t4013,2463,0.0
bayesChangePt,speed_t4013,2464,0.0
bayesChangePt,speed_t4013,2465,0.0
bayesChangePt,speed_t4013,2466,0.0
bayesChangePt,speed_t4013,2467,0.0
bayesChangePt,speed_t4013,2468,0.0
bayesChangePt,speed_t4013,2469,0.0
bayesChangePt,speed_t4013,2470,0.0
bayesChangePt,speed_t4013,2471,0.0
bayesChangePt,speed_t4013,2472,0.0
bayesChangePt,speed_t4013,2473,0.0
bayesChangePt,speed_t4013,2474,0.0
bayesChangePt,speed_t4013,2475,0.0
bayesChangePt,speed_t4013,2476,0.0
bayesChangePt,speed_t4013,2477,0.0
bayesChangePt,speed_t4013,2478,0.0
bayesChangePt,speed_t4013,2479,0.0
bayesChangePt,speed_t4013,2480,0.0
bayesChangePt,speed_t4013,2481,0.0
bayesChangePt,speed_t4013,2482,0.0
bayesChangePt,speed_t4013,2483,0.0
bayesChangePt,speed_t4013,2484,0.0
bayesChangePt,speed_t4013,2485,0.0
bayesChangePt,speed_t4013,2486,0.0
bayesChangePt,speed_t4013,2487,0.0
bayesChangePt,speed_t4013,2488,0.0
bayesChangePt,speed_t4013,2489,0.0
bayesChangePt,speed_t4013,2490,0.0
bayesChangePt,speed_t4013,2491,0.0
bayesChangePt,speed_t4013,2492,0.0
bayesChangePt,speed_t4013,2493,0.0
bayesChangePt,speed_t4013,2494,0.9893617021276596
